Gene1,Gene2,Score
BMI1,MECOM,1016.0
BMI1,GFI1,672.0
BMI1,EBF1,753.0
BMI1,RUNX2,866.0
BMI1,GATA2,375.0
BMI1,ESR1,459.0
BMI1,ZEB2,371.0
BMI1,HOXA9,337.0
BMI1,HLF,265.0
BMI1,IRF8,349.0
BMI1,NR3C2,242.0
BMI1,IKZF1,198.0
BMI1,ARID3B,446.0
BMI1,EYA1,187.0
BMI1,MEF2C,255.0
BMI1,NFATC2,181.0
BMI1,THRB,138.0
BMI1,IRF5,185.0
BMI1,GFI1B,136.0
BMI1,ETS1,153.0
BMI1,SALL2,141.0
BMI1,MYCN,122.0
BMI1,EYA2,121.0
BMI1,AHR,113.0
BMI1,PBX1,112.0
BMI1,NDN,107.0
BMI1,GTF3C3,104.0
CBFB,NFE2,2138.0
CBFB,WDR5,1641.0
CBFB,PRDM4,1622.0
CBFB,NFXL1,1319.0
CBFB,NFAT5,1118.0
CBFB,DDX20,1368.0
CBFB,MIS18BP1,1481.0
CBFB,EYA2,1293.0
CBFB,REXO4,1500.0
CBFB,MED16,1263.0
CBFB,XRCC6,928.0
CBFB,GTF2H1,1221.0
CBFB,HDAC7,951.0
CBFB,HCFC1,773.0
CBFB,DCP1A,1170.0
CBFB,ZFP143,1213.0
CBFB,FEM1B,1103.0
CBFB,RUVBL2,1197.0
CBFB,XPC,803.0
CBFB,ZDHHC6,1362.0
CBFB,ZBTB20,1021.0
CBFB,ZZZ3,935.0
CBFB,XAB2,1094.0
CBFB,TOX4,1217.0
CBFB,HDGF,949.0
CBFB,GTF2E1,939.0
CBFB,MCM7,1209.0
CBFB,CNOT7,601.0
CBFB,RAD21,630.0
CBFB,MCM4,1102.0
CBFB,SRSF1,850.0
CBFB,DEK,707.0
CBFB,STAT3,955.0
CBFB,CTR9,1045.0
CBFB,SLA2,1062.0
CBFB,TCF12,765.0
CBFB,GFI1,913.0
CBFB,BLZF1,1753.0
CBFB,ELP3,675.0
CBFB,HIST1H1C,722.0
CBFB,ABTB1,867.0
CBFB,SATB1,904.0
CBFB,NFKBIA,555.0
CBFB,TTF1,949.0
CBFB,POLR3F,1050.0
CBFB,SP4,613.0
CBFB,NR4A1,868.0
CBFB,HDAC2,960.0
CBFB,AFF4,588.0
CBFB,ZDHHC13,697.0
CBFB,MXD3,1057.0
CBFB,AHCTF1,573.0
CBFB,PHB2,761.0
CBFB,E2F8,644.0
CBFB,NRF1,606.0
CBFB,FOS,706.0
CBFB,POLR1B,800.0
CBFB,RORC,790.0
CBFB,NFE2L2,772.0
CBFB,GTF2F1,860.0
CBFB,MAPK1,815.0
CBFB,RNF19A,456.0
CBFB,RPA2,694.0
CBFB,GTF3C3,651.0
CBFB,CENPK,771.0
CBFB,MCM6,691.0
CBFB,SMAD2,645.0
CBFB,KLF1,827.0
CBFB,RNF4,666.0
CBFB,MYNN,673.0
CBFB,TOPORS,734.0
CBFB,XRCC3,593.0
CBFB,PLAG1,445.0
CBFB,ZFP110,734.0
CBFB,RB1,458.0
CBFB,XRCC5,721.0
CBFB,IRF1,465.0
CBFB,MCM3,573.0
CBFB,NR2C1,547.0
CBFB,HNRNPAB,686.0
CBFB,SNAPC3,603.0
CBFB,TTF2,622.0
CBFB,TCF19,526.0
CBFB,SMARCA2,822.0
CBFB,REL,513.0
CBFB,SNRPB,558.0
CBFB,MCM5,607.0
CBFB,MYCN,555.0
CBFB,PA2G4,524.0
CBFB,ELP2,460.0
CBFB,HMGB2,548.0
CBFB,RELB,393.0
CBFB,MAPK9,553.0
CBFB,ZSCAN21,497.0
CBFB,POLR2B,410.0
CBFB,CBX7,616.0
CBFB,ZBTB43,538.0
CBFB,ZKSCAN6,386.0
CBFB,BTAF1,554.0
CBFB,ORC2,547.0
CBFB,ZFP467,402.0
CBFB,RORA,492.0
CBFB,JARID2,489.0
CBFB,ABL1,319.0
CBFB,RAD51,494.0
CBFB,BUB3,488.0
CBFB,YBX1,500.0
CBFB,ZFP592,343.0
CBFB,BTG2,620.0
CBFB,HCLS1,474.0
CBFB,E2F4,343.0
CBFB,ELL2,308.0
CBFB,VHL,404.0
CBFB,LMO4,467.0
CBFB,TAF1,507.0
CBFB,KDM6A,374.0
CBFB,ZKSCAN17,383.0
CBFB,ERCC8,412.0
CBFB,EPOR,563.0
CBFB,RPA1,311.0
CBFB,MCM2,326.0
CBFB,KLF3,328.0
CBFB,MYB,302.0
CBFB,E2F6,418.0
CBFB,KLF6,343.0
CBFB,GFI1B,401.0
CBFB,EPAS1,405.0
CBFB,SALL2,397.0
CBFB,PWP1,549.0
CBFB,HLF,260.0
CBFB,IKZF1,304.0
CBFB,JUN,400.0
CBFB,TRIB3,409.0
CBFB,TRPS1,345.0
CBFB,NFATC2,339.0
CBFB,EYA1,253.0
CBFB,FOXO1,297.0
CBFB,RUNX2,244.0
CBFB,PHF10,241.0
CBFB,BMI1,265.0
CBFB,NOTCH1,285.0
CBFB,TEAD3,250.0
CBFB,EGR1,261.0
CBFB,TAF12,264.0
CBFB,THRB,335.0
CBFB,IRF6,240.0
CBFB,AHR,265.0
CBFB,ZBTB10,198.0
CBFB,DDX58,299.0
CBFB,ETS1,190.0
CBFB,NFATC1,163.0
CBFB,ZFP275,281.0
CBFB,ESR1,279.0
CBFB,APBB1,206.0
CBFB,ZEB2,215.0
CBFB,RUNX1T1,362.0
CBFB,H1F0,218.0
CBFB,EBF1,205.0
CBFB,IFI204,228.0
CBFB,IKZF2,184.0
CBFB,MYC,144.0
CBFB,CITED4,163.0
CBFB,ELF4,161.0
CBFB,ID2,128.0
CBFB,VDR,119.0
CBFB,ZFP30,108.0
CBFB,RARB,188.0
CBFB,TLE2,174.0
CBFB,NUPR1,164.0
CBFB,SPI1,156.0
CBFB,ZFP36,151.0
CBFB,MEIS1,134.0
CBFB,HDAC11,132.0
CBFB,IRF8,120.0
CBFB,PPARGC1A,116.0
CBX7,MECOM,1074.0
CBX7,RUNX1T1,956.0
CBX7,SOX18,874.0
CBX7,CREB5,770.0
CBX7,SATB1,842.0
CBX7,EYA2,995.0
CBX7,IRF5,847.0
CBX7,NFIA,676.0
CBX7,THRB,899.0
CBX7,ZFP467,821.0
CBX7,PGR,674.0
CBX7,CITED4,736.0
CBX7,IKZF1,679.0
CBX7,ZBTB10,663.0
CBX7,MEF2C,747.0
CBX7,MYB,619.0
CBX7,ZEB2,554.0
CBX7,RORA,683.0
CBX7,EPAS1,778.0
CBX7,TSC22D3,589.0
CBX7,EBF1,488.0
CBX7,HLF,695.0
CBX7,JUN,633.0
CBX7,REL,624.0
CBX7,BMI1,553.0
CBX7,NFATC2,637.0
CBX7,HDAC7,552.0
CBX7,SOX6,405.0
CBX7,NDN,599.0
CBX7,RUNX2,398.0
CBX7,SMARCA2,395.0
CBX7,ETS1,479.0
CBX7,NR3C2,771.0
CBX7,IRF8,639.0
CBX7,SALL2,461.0
CBX7,RARB,593.0
CBX7,NFATC1,331.0
CBX7,VDR,427.0
CBX7,NOTCH1,520.0
CBX7,E2F6,371.0
CBX7,PRDM16,269.0
CBX7,FOS,359.0
CBX7,EYA1,547.0
CBX7,MEIS1,202.0
CBX7,MAPK12,268.0
CBX7,GFI1,191.0
CBX7,PBX1,367.0
CBX7,HDAC2,176.0
CBX7,MYC,165.0
CBX7,TSHZ3,168.0
CBX7,TLE2,323.0
CBX7,GATA2,103.0
CBX7,TCF12,150.0
CBX7,HIST1H1C,136.0
CBX7,E2F8,247.0
CBX7,PLAG1,245.0
CBX7,TRPS1,239.0
CBX7,APBB1,105.0
CBX7,XRCC6,177.0
CBX7,IRF6,173.0
CBX7,RORC,163.0
CBX7,EGR1,161.0
CBX7,ZFP143,159.0
CBX7,ID2,159.0
CBX7,NFAT5,154.0
CBX7,RNF19A,146.0
CBX7,H1F0,140.0
CBX7,CENPK,137.0
CBX7,EPOR,136.0
CBX7,ZZZ3,134.0
CBX7,TOPORS,134.0
CBX7,RPA1,128.0
CBX7,RNF4,128.0
CBX7,KDM6A,126.0
CBX7,MAPK9,122.0
CBX7,XPC,115.0
CBX7,IRF1,107.0
CBX7,SNAPC3,106.0
CBX7,PRDM4,105.0
CBX7,NFXL1,103.0
EBF1,GFI1B,1702.0
EBF1,MAPK1,1886.0
EBF1,ID2,1852.0
EBF1,ABTB1,737.0
EBF1,APBB1,1136.0
EBF1,NFE2,782.0
EBF1,IRF1,1120.0
EBF1,ZDHHC13,1540.0
EBF1,ZKSCAN17,1261.0
EBF1,HCLS1,1180.0
EBF1,FOXO1,945.0
EBF1,RUVBL2,500.0
EBF1,MYNN,610.0
EBF1,NUPR1,1114.0
EBF1,PRDM4,1117.0
EBF1,ZFP36,546.0
EBF1,IRF5,422.0
EBF1,XRCC3,441.0
EBF1,ZKSCAN6,722.0
EBF1,NFKBIA,1097.0
EBF1,NFAT5,383.0
EBF1,MXD3,794.0
EBF1,GTF2F1,216.0
EBF1,RUNX2,223.0
EBF1,SALL2,458.0
EBF1,ZFP30,377.0
EBF1,KLF1,343.0
EBF1,ZFP143,164.0
EBF1,ZFP592,280.0
EBF1,TRIB3,328.0
EBF1,ELF4,221.0
EBF1,MIS18BP1,236.0
EBF1,AHR,195.0
EBF1,GATA1,281.0
EBF1,ZEB2,216.0
EBF1,SOX6,321.0
EBF1,RARB,303.0
EBF1,TSHZ3,175.0
EBF1,MCM7,138.0
EBF1,DDX20,124.0
EBF1,DEK,178.0
EBF1,MECOM,173.0
EBF1,CITED4,157.0
EBF1,ZFP467,153.0
EBF1,IKZF1,150.0
EBF1,AHCTF1,147.0
EBF1,RB1,121.0
EBF1,RORC,118.0
EBF1,E2F8,118.0
EBF1,KLF3,104.0
ELF4,XAB2,2881.0
ELF4,GTF2F1,2707.0
ELF4,MEIS1,2411.0
ELF4,MCM7,2152.0
ELF4,GTF2H1,3018.0
ELF4,ID2,2012.0
ELF4,TTF2,2177.0
ELF4,PHB2,2059.0
ELF4,RPA2,2106.0
ELF4,ZDHHC6,1664.0
ELF4,MCM3,2053.0
ELF4,RAD51,2018.0
ELF4,ZFP110,1781.0
ELF4,RAD21,2191.0
ELF4,TAF12,2906.0
ELF4,HCLS1,1664.0
ELF4,TLR4,1679.0
ELF4,TTF1,1783.0
ELF4,RNF4,1544.0
ELF4,ZFP143,1542.0
ELF4,BLZF1,1337.0
ELF4,RELB,1492.0
ELF4,WDR5,1383.0
ELF4,REXO4,1664.0
ELF4,GTF2E1,1600.0
ELF4,SNRPB,1143.0
ELF4,PRDM4,1586.0
ELF4,E2F4,1195.0
ELF4,ABTB1,1056.0
ELF4,ZKSCAN6,1430.0
ELF4,TOPORS,1195.0
ELF4,NFXL1,1334.0
ELF4,MIS18BP1,1361.0
ELF4,DCP1A,1040.0
ELF4,MCM4,1160.0
ELF4,SPI1,939.0
ELF4,E2F8,1043.0
ELF4,TCF12,969.0
ELF4,ZDHHC13,1344.0
ELF4,HIST1H1C,908.0
ELF4,AHCTF1,984.0
ELF4,ABL1,946.0
ELF4,REL,845.0
ELF4,SMARCA2,836.0
ELF4,TAF1,741.0
ELF4,STAT3,851.0
ELF4,FOS,910.0
ELF4,TCF19,820.0
ELF4,CTR9,901.0
ELF4,IKZF1,897.0
ELF4,ZFP36,957.0
ELF4,BATF2,820.0
ELF4,MCM2,577.0
ELF4,EPAS1,843.0
ELF4,SP4,638.0
ELF4,MCM6,986.0
ELF4,CENPK,470.0
ELF4,YBX1,680.0
ELF4,HNRNPAB,564.0
ELF4,MYNN,603.0
ELF4,TOX4,488.0
ELF4,HMGB2,626.0
ELF4,MCM5,566.0
ELF4,RUVBL2,493.0
ELF4,IFI204,530.0
ELF4,NFAT5,881.0
ELF4,ZBTB43,548.0
ELF4,ZSCAN21,451.0
ELF4,SRSF1,455.0
ELF4,XRCC6,350.0
ELF4,ELP2,475.0
ELF4,JUN,377.0
ELF4,BUB3,586.0
ELF4,ORC2,311.0
ELF4,DDX20,438.0
ELF4,HCFC1,382.0
ELF4,TRPS1,421.0
ELF4,SNAPC3,489.0
ELF4,MAPK1,356.0
ELF4,CREB5,230.0
ELF4,CBFB,539.0
ELF4,PA2G4,317.0
ELF4,ZEB2,266.0
ELF4,PWP1,230.0
ELF4,XPC,417.0
ELF4,IRF1,198.0
ELF4,NFATC1,378.0
ELF4,POLR3F,230.0
ELF4,NFKBIA,239.0
ELF4,ESR1,245.0
ELF4,ERCC8,206.0
ELF4,MED16,172.0
ELF4,XRCC5,160.0
ELF4,NOTCH1,161.0
ELF4,ZKSCAN17,271.0
ELF4,DDX58,271.0
ELF4,H1F0,263.0
ELF4,ELP3,233.0
ELF4,PML,196.0
ELF4,NFE2,189.0
ELF4,ZFP275,188.0
ELF4,POLR2B,180.0
ELF4,POLR1B,179.0
ELF4,NFE2L2,161.0
ELF4,IRF5,150.0
ELF4,ZZZ3,142.0
ELF4,XRCC3,133.0
ELF4,DEK,128.0
ELF4,NR2C1,126.0
ELF4,PBX1,111.0
ELF4,RUNX2,226.0
ESR1,NFKBIA,1947.0
ESR1,KLF3,1964.0
ESR1,DCP1A,2154.0
ESR1,RAI14,2152.0
ESR1,REL,2427.0
ESR1,RPA1,1643.0
ESR1,ZFP143,2086.0
ESR1,FEM1B,1140.0
ESR1,E2F6,2266.0
ESR1,REXO4,1487.0
ESR1,ZFP592,1504.0
ESR1,MAPK9,1790.0
ESR1,CREB5,1233.0
ESR1,MAPK1,946.0
ESR1,GTF2F1,905.0
ESR1,PBX1,1097.0
ESR1,HDAC7,587.0
ESR1,NFAT5,895.0
ESR1,NFE2L2,1023.0
ESR1,XAB2,1829.0
ESR1,HMGB2,1115.0
ESR1,TOX4,942.0
ESR1,DDX20,850.0
ESR1,POLR1B,887.0
ESR1,XRCC6,884.0
ESR1,XRCC5,830.0
ESR1,PHB2,815.0
ESR1,STAT3,773.0
ESR1,POLR3F,783.0
ESR1,RNF19A,1304.0
ESR1,ZBTB20,1686.0
ESR1,ELP2,1006.0
ESR1,ZZZ3,888.0
ESR1,CENPK,1013.0
ESR1,XPC,683.0
ESR1,PA2G4,680.0
ESR1,GTF2H1,942.0
ESR1,ABTB1,657.0
ESR1,MCM4,681.0
ESR1,AHCTF1,610.0
ESR1,GTF3C3,928.0
ESR1,PLAG1,683.0
ESR1,PRDM4,769.0
ESR1,HIST1H1C,408.0
ESR1,NOTCH1,478.0
ESR1,ZDHHC6,786.0
ESR1,ELL2,718.0
ESR1,JUN,753.0
ESR1,ELF4,755.0
ESR1,NFE2,936.0
ESR1,SRSF1,481.0
ESR1,ZKSCAN17,600.0
ESR1,BATF2,669.0
ESR1,HDAC2,916.0
ESR1,MYNN,447.0
ESR1,TOPORS,812.0
ESR1,SNAPC3,427.0
ESR1,SNRPB,450.0
ESR1,SP4,521.0
ESR1,EGR1,1055.0
ESR1,ETS1,660.0
ESR1,KLF6,549.0
ESR1,BTG2,434.0
ESR1,ABL1,325.0
ESR1,MEIS1,242.0
ESR1,BTAF1,800.0
ESR1,RORC,729.0
ESR1,NR3C2,964.0
ESR1,DEK,847.0
ESR1,ZBTB43,579.0
ESR1,HNRNPAB,393.0
ESR1,NR2C1,708.0
ESR1,CNOT7,999.0
ESR1,HDGF,480.0
ESR1,MCM7,636.0
ESR1,RAD21,472.0
ESR1,AFF4,495.0
ESR1,RORA,727.0
ESR1,NR4A1,692.0
ESR1,RUVBL2,599.0
ESR1,IRF1,371.0
ESR1,IFI204,369.0
ESR1,EPAS1,571.0
ESR1,RAD51,466.0
ESR1,MIS18BP1,485.0
ESR1,ZEB2,1526.0
ESR1,NFATC2,488.0
ESR1,CBX7,460.0
ESR1,RNF4,451.0
ESR1,NFXL1,498.0
ESR1,HLF,460.0
ESR1,RPA2,578.0
ESR1,ZSCAN21,369.0
ESR1,MAPK12,838.0
ESR1,MCM5,645.0
ESR1,H1F0,417.0
ESR1,ZFP467,557.0
ESR1,LMO4,345.0
ESR1,WDR5,377.0
ESR1,GTF2E1,535.0
ESR1,MED16,401.0
ESR1,ZKSCAN6,414.0
ESR1,NRF1,426.0
ESR1,RARB,384.0
ESR1,GLIS2,1023.0
ESR1,TCF12,325.0
ESR1,PGR,476.0
ESR1,KDM6A,387.0
ESR1,MECOM,375.0
ESR1,SMARCA2,337.0
ESR1,HDAC11,683.0
ESR1,TAF12,330.0
ESR1,POLR2B,277.0
ESR1,VHL,462.0
ESR1,BLZF1,393.0
ESR1,PPARGC1A,702.0
ESR1,RUNX1T1,571.0
ESR1,TSHZ3,505.0
ESR1,CITED4,539.0
ESR1,BUB3,480.0
ESR1,XRCC3,434.0
ESR1,YBX1,354.0
ESR1,FOS,478.0
ESR1,TLR4,453.0
ESR1,AHR,563.0
ESR1,JARID2,330.0
ESR1,CBFB,318.0
ESR1,FOXO1,498.0
ESR1,SMAD2,363.0
ESR1,MXD3,642.0
ESR1,CTR9,281.0
ESR1,TEAD3,237.0
ESR1,CSRP3,999.0
ESR1,RUNX2,678.0
ESR1,ZBTB10,237.0
ESR1,E2F4,209.0
ESR1,NUPR1,327.0
ESR1,PHF10,411.0
ESR1,EYA1,578.0
ESR1,RELB,347.0
ESR1,TCF19,298.0
ESR1,PWP1,444.0
ESR1,MCM3,258.0
ESR1,MCM6,346.0
ESR1,HDAC9,420.0
ESR1,ZFP110,288.0
ESR1,THRB,463.0
ESR1,PRDM16,732.0
ESR1,HCFC1,452.0
ESR1,EBF1,259.0
ESR1,GATA2,460.0
ESR1,MYC,269.0
ESR1,TTF1,304.0
ESR1,ELP3,223.0
ESR1,ERCC8,235.0
ESR1,MEF2C,261.0
ESR1,APBB1,363.0
ESR1,TAF1,224.0
ESR1,HOXA9,318.0
ESR1,SOX6,315.0
ESR1,TRIB3,397.0
ESR1,ZDHHC13,227.0
ESR1,SATB1,383.0
ESR1,BMI1,283.0
ESR1,TEAD2,290.0
ESR1,HCLS1,287.0
ESR1,ORC2,220.0
ESR1,MCM2,231.0
ESR1,SALL2,198.0
ESR1,RB1,189.0
ESR1,ZFP275,240.0
ESR1,NFIA,331.0
ESR1,TRPS1,305.0
ESR1,EYA2,468.0
ESR1,MYCN,176.0
ESR1,GFI1,168.0
ESR1,IRF8,174.0
ESR1,PRDM5,168.0
ESR1,TLE2,192.0
ESR1,ZFP30,194.0
ESR1,IRF5,172.0
ESR1,E2F8,136.0
ESR1,NFATC1,122.0
ESR1,ZFP36,119.0
ESR1,HNF4A,179.0
ESR1,IRF6,170.0
ESR1,NDN,136.0
ESR1,TTF2,131.0
ESR1,VDR,127.0
ESR1,DDX58,109.0
ESR1,ID2,102.0
ESR1,MYB,436.0
ETS1,DCP1A,2342.0
ETS1,DDX20,1770.0
ETS1,NFAT5,1764.0
ETS1,PHB2,1574.0
ETS1,MIS18BP1,1835.0
ETS1,MYNN,1771.0
ETS1,RAD21,1858.0
ETS1,STAT3,1798.0
ETS1,PRDM4,1332.0
ETS1,MCM7,1116.0
ETS1,ABTB1,1486.0
ETS1,NFXL1,1291.0
ETS1,REXO4,1309.0
ETS1,HIST1H1C,999.0
ETS1,TOX4,1243.0
ETS1,POLR3F,1119.0
ETS1,SRSF1,988.0
ETS1,PA2G4,1235.0
ETS1,GTF2H1,1090.0
ETS1,GTF2F1,899.0
ETS1,XPC,1079.0
ETS1,AHCTF1,1123.0
ETS1,SNAPC3,1306.0
ETS1,XAB2,1185.0
ETS1,E2F4,1115.0
ETS1,TTF1,1147.0
ETS1,ZDHHC6,891.0
ETS1,POLR1B,877.0
ETS1,FEM1B,1065.0
ETS1,ZZZ3,1108.0
ETS1,ZBTB43,1067.0
ETS1,ZFP110,1025.0
ETS1,NFE2,1304.0
ETS1,HDGF,766.0
ETS1,SNRPB,653.0
ETS1,GTF3C3,847.0
ETS1,RUVBL2,906.0
ETS1,RAD51,999.0
ETS1,CENPK,1072.0
ETS1,TAF12,1005.0
ETS1,ZFP143,962.0
ETS1,ELP2,987.0
ETS1,BLZF1,1255.0
ETS1,HCLS1,843.0
ETS1,RNF4,963.0
ETS1,TOPORS,846.0
ETS1,ZSCAN21,1017.0
ETS1,BTAF1,614.0
ETS1,WDR5,887.0
ETS1,XRCC5,868.0
ETS1,NFKBIA,697.0
ETS1,BTG2,1040.0
ETS1,ZKSCAN6,909.0
ETS1,MED16,822.0
ETS1,RPA2,840.0
ETS1,MAPK1,625.0
ETS1,MCM3,762.0
ETS1,REL,929.0
ETS1,SP4,897.0
ETS1,ZKSCAN17,848.0
ETS1,MAPK9,886.0
ETS1,TCF12,601.0
ETS1,SMARCA2,526.0
ETS1,BUB3,741.0
ETS1,NFE2L2,713.0
ETS1,RELB,792.0
ETS1,CTR9,801.0
ETS1,VHL,773.0
ETS1,FOS,676.0
ETS1,MXD3,751.0
ETS1,ZFP275,844.0
ETS1,IRF1,555.0
ETS1,ORC2,665.0
ETS1,MCM6,731.0
ETS1,RORA,972.0
ETS1,TCF19,887.0
ETS1,POLR2B,513.0
ETS1,CNOT7,604.0
ETS1,XRCC6,721.0
ETS1,CBFB,605.0
ETS1,TLR4,1402.0
ETS1,SPI1,1231.0
ETS1,MCM4,533.0
ETS1,EYA2,873.0
ETS1,CBX7,792.0
ETS1,RB1,718.0
ETS1,GFI1,947.0
ETS1,MCM5,617.0
ETS1,ELP3,689.0
ETS1,HNRNPAB,478.0
ETS1,AFF4,560.0
ETS1,ZDHHC13,678.0
ETS1,ABL1,457.0
ETS1,RNF19A,500.0
ETS1,GTF2E1,464.0
ETS1,DEK,596.0
ETS1,NFATC1,419.0
ETS1,YBX1,413.0
ETS1,NRF1,521.0
ETS1,NR2C1,569.0
ETS1,EGR1,604.0
ETS1,SLA2,677.0
ETS1,TTF2,567.0
ETS1,MCM2,463.0
ETS1,HDAC2,402.0
ETS1,HDAC7,675.0
ETS1,HMGB2,356.0
ETS1,PWP1,570.0
ETS1,E2F8,718.0
ETS1,HCFC1,494.0
ETS1,TAF1,440.0
ETS1,RPA1,389.0
ETS1,EPOR,1134.0
ETS1,SMAD2,457.0
ETS1,JUN,550.0
ETS1,NFATC2,384.0
ETS1,DDX58,377.0
ETS1,ZBTB10,1030.0
ETS1,ZFP592,343.0
ETS1,ERCC8,306.0
ETS1,SATB1,323.0
ETS1,TRIB3,400.0
ETS1,IKZF1,448.0
ETS1,KLF1,1083.0
ETS1,NOTCH1,331.0
ETS1,JARID2,244.0
ETS1,KLF6,464.0
ETS1,PHF10,357.0
ETS1,TRPS1,452.0
ETS1,PLAG1,252.0
ETS1,MYC,481.0
ETS1,PML,356.0
ETS1,PRDM5,406.0
ETS1,ZEB2,311.0
ETS1,ID2,213.0
ETS1,LMO4,223.0
ETS1,ESR1,644.0
ETS1,ZFP36,307.0
ETS1,MYB,345.0
ETS1,KLF3,200.0
ETS1,IRF5,540.0
ETS1,E2F6,250.0
ETS1,FOXO1,233.0
ETS1,ELL2,294.0
ETS1,THRB,859.0
ETS1,MEF2C,824.0
ETS1,ELF4,465.0
ETS1,KDM6A,133.0
ETS1,SOX6,618.0
ETS1,GFI1B,471.0
ETS1,CREB5,713.0
ETS1,NUPR1,595.0
ETS1,IFI204,288.0
ETS1,XRCC3,264.0
ETS1,MEIS1,483.0
ETS1,GATA1,559.0
ETS1,TSHZ3,195.0
ETS1,EYA1,265.0
ETS1,ZBTB20,207.0
ETS1,IRF8,256.0
ETS1,ZFP467,142.0
ETS1,ARID3B,467.0
ETS1,BMI1,161.0
ETS1,NR4A1,198.0
ETS1,ZFP30,129.0
ETS1,TSC22D3,408.0
ETS1,NR3C2,208.0
ETS1,EBF1,188.0
ETS1,EPAS1,184.0
ETS1,GLIS2,161.0
ETS1,H1F0,182.0
ETS1,TLE2,143.0
ETS1,HLF,171.0
ETS1,VDR,167.0
ETS1,TEAD2,139.0
ETS1,CITED4,121.0
FOS,ZFP143,1802.0
FOS,CREB5,895.0
FOS,MCM5,1573.0
FOS,TCF19,1518.0
FOS,XRCC3,1443.0
FOS,RUVBL2,1361.0
FOS,KLF6,1398.0
FOS,MYNN,1893.0
FOS,CENPK,1162.0
FOS,VDR,1361.0
FOS,PLAG1,1186.0
FOS,ORC2,1066.0
FOS,MED16,924.0
FOS,IRF5,1023.0
FOS,HIST1H1C,1083.0
FOS,IRF8,1069.0
FOS,YBX1,754.0
FOS,XAB2,906.0
FOS,IFI204,1296.0
FOS,SMARCA2,518.0
FOS,ID2,774.0
FOS,FOXO1,953.0
FOS,FEM1B,798.0
FOS,MCM3,827.0
FOS,ZSCAN21,608.0
FOS,HNRNPAB,708.0
FOS,TTF2,515.0
FOS,GTF2E1,482.0
FOS,ZKSCAN6,323.0
FOS,NFKBIA,773.0
FOS,E2F8,369.0
FOS,ZEB2,385.0
FOS,EGR1,809.0
FOS,TCF12,347.0
FOS,RPA2,341.0
FOS,ZDHHC13,453.0
FOS,E2F6,356.0
FOS,NR4A1,326.0
FOS,REL,325.0
FOS,ETS1,615.0
FOS,HMGB2,494.0
FOS,JUN,587.0
FOS,HDAC7,545.0
FOS,ZBTB43,486.0
FOS,KDM6A,511.0
FOS,TLR4,297.0
FOS,DCP1A,550.0
FOS,STAT3,243.0
FOS,BTG2,229.0
FOS,ERCC8,258.0
FOS,NUPR1,364.0
FOS,MAPK9,231.0
FOS,AFF4,450.0
FOS,GTF2H1,795.0
FOS,REXO4,437.0
FOS,ABTB1,188.0
FOS,NR3C2,286.0
FOS,KLF3,221.0
FOS,ZBTB10,281.0
FOS,HDAC9,343.0
FOS,CTR9,181.0
FOS,SPI1,203.0
FOS,GTF2F1,261.0
FOS,MIS18BP1,305.0
FOS,GATA2,761.0
FOS,DDX20,227.0
FOS,HCLS1,259.0
FOS,PA2G4,169.0
FOS,POLR2B,141.0
FOS,ZZZ3,671.0
FOS,SATB1,199.0
FOS,MCM4,282.0
FOS,BTAF1,131.0
FOS,XRCC6,177.0
FOS,HDGF,184.0
FOS,ABL1,280.0
FOS,CNOT7,119.0
FOS,ZDHHC6,254.0
FOS,BATF2,204.0
FOS,TOX4,133.0
FOS,EYA1,178.0
FOS,XRCC5,172.0
FOS,RELB,153.0
FOS,SRSF1,214.0
FOS,NFAT5,190.0
FOS,GTF3C3,402.0
FOS,SP4,165.0
FOS,NOTCH1,171.0
FOS,PWP1,160.0
FOS,AHCTF1,118.0
FOS,TOPORS,195.0
FOS,AHR,119.0
FOS,EYA2,198.0
FOS,ZKSCAN17,211.0
FOS,RNF4,138.0
FOS,PRDM4,146.0
FOS,ELP3,132.0
FOS,RPA1,144.0
FOS,APBB1,215.0
FOS,MAPK1,109.0
FOS,ARID3B,211.0
FOS,POLR1B,184.0
FOS,ESR1,160.0
FOS,MYCN,146.0
FOS,RUNX2,143.0
FOS,ELP2,142.0
FOS,NFATC1,137.0
FOS,MCM2,137.0
FOS,TRPS1,133.0
FOS,SNRPB,130.0
FOS,POLR3F,128.0
FOS,MCM7,117.0
FOS,SMAD2,109.0
FOS,MYC,494.0
FOXO1,RORA,751.0
FOXO1,NFAT5,594.0
FOXO1,RAD21,319.0
FOXO1,CENPK,324.0
FOXO1,ABTB1,315.0
FOXO1,SP4,242.0
FOXO1,MCM7,302.0
FOXO1,CBFB,267.0
FOXO1,SRSF1,186.0
FOXO1,NFKBIA,183.0
FOXO1,DEK,184.0
FOXO1,NRF1,195.0
FOXO1,MYNN,292.0
FOXO1,XRCC6,177.0
FOXO1,HDAC7,265.0
FOXO1,E2F6,130.0
FOXO1,MCM4,149.0
FOXO1,MAPK1,112.0
FOXO1,POLR1B,214.0
FOXO1,NFXL1,213.0
FOXO1,JARID2,208.0
FOXO1,HDGF,114.0
FOXO1,RPA1,123.0
FOXO1,PLAG1,105.0
FOXO1,ZFP110,189.0
FOXO1,PA2G4,185.0
FOXO1,IFI204,176.0
FOXO1,RAD51,171.0
FOXO1,AHCTF1,160.0
FOXO1,SATB1,147.0
FOXO1,SNAPC3,146.0
FOXO1,HDAC2,145.0
FOXO1,NFE2L2,133.0
FOXO1,MIS18BP1,129.0
FOXO1,KLF6,123.0
FOXO1,IKZF1,123.0
FOXO1,NFATC2,108.0
FOXO1,ZBTB10,105.0
FOXO1,PRDM4,105.0
FOXO1,REXO4,102.0
FOXO1,MYC,477.0
GATA2,XRCC6,3212.0
GATA2,NFE2,2303.0
GATA2,BTG2,1368.0
GATA2,HDAC7,1217.0
GATA2,SPI1,1632.0
GATA2,GATA1,1618.0
GATA2,ZDHHC6,1549.0
GATA2,SRSF1,1518.0
GATA2,HIST1H1C,1494.0
GATA2,AHCTF1,1397.0
GATA2,TRPS1,1245.0
GATA2,EPOR,1465.0
GATA2,EYA1,1301.0
GATA2,RNF19A,1245.0
GATA2,NR4A1,1178.0
GATA2,NR2C1,938.0
GATA2,JUN,1103.0
GATA2,SLA2,1325.0
GATA2,NUPR1,1080.0
GATA2,ZZZ3,911.0
GATA2,RUNX1T1,1417.0
GATA2,DCP1A,783.0
GATA2,MCM7,1074.0
GATA2,GFI1B,713.0
GATA2,XAB2,754.0
GATA2,KDM6A,723.0
GATA2,H1F0,907.0
GATA2,TOX4,754.0
GATA2,GTF3C3,751.0
GATA2,NFE2L2,671.0
GATA2,NFATC2,825.0
GATA2,GTF2H1,599.0
GATA2,GTF2F1,858.0
GATA2,RPA2,1193.0
GATA2,MYNN,757.0
GATA2,EBF1,1069.0
GATA2,KLF1,1206.0
GATA2,GFI1,777.0
GATA2,ZEB2,573.0
GATA2,XPC,843.0
GATA2,AFF4,523.0
GATA2,PGR,1428.0
GATA2,MCM6,652.0
GATA2,WDR5,599.0
GATA2,BUB3,789.0
GATA2,RAD51,502.0
GATA2,NFAT5,482.0
GATA2,IRF1,481.0
GATA2,EYA2,814.0
GATA2,SOX6,1002.0
GATA2,PHB2,587.0
GATA2,MIS18BP1,590.0
GATA2,IKZF2,582.0
GATA2,MED16,576.0
GATA2,NFXL1,436.0
GATA2,HCLS1,1126.0
GATA2,RPA1,392.0
GATA2,ABL1,322.0
GATA2,CENPK,450.0
GATA2,TSC22D3,413.0
GATA2,DDX20,438.0
GATA2,FEM1B,276.0
GATA2,PPARGC1A,959.0
GATA2,HNRNPAB,327.0
GATA2,CBFB,443.0
GATA2,POLR1B,456.0
GATA2,BTAF1,524.0
GATA2,SMARCA2,279.0
GATA2,POLR3F,294.0
GATA2,MCM4,463.0
GATA2,BLZF1,341.0
GATA2,REL,315.0
GATA2,PRDM4,556.0
GATA2,E2F4,269.0
GATA2,MAPK1,354.0
GATA2,STAT3,450.0
GATA2,PLAG1,244.0
GATA2,ESR1,332.0
GATA2,POLR2B,261.0
GATA2,KLF6,300.0
GATA2,IFI204,677.0
GATA2,ZFP275,265.0
GATA2,ZBTB43,322.0
GATA2,TRIB3,326.0
GATA2,REXO4,246.0
GATA2,SP4,233.0
GATA2,CREB5,626.0
GATA2,TCF12,274.0
GATA2,TOPORS,202.0
GATA2,MECOM,519.0
GATA2,TAF12,203.0
GATA2,XRCC5,265.0
GATA2,ZFP110,200.0
GATA2,TTF1,214.0
GATA2,HLF,435.0
GATA2,RELB,274.0
GATA2,ZSCAN21,187.0
GATA2,ELP2,196.0
GATA2,RNF4,210.0
GATA2,HDAC9,507.0
GATA2,RORA,477.0
GATA2,MCM2,166.0
GATA2,HDAC2,169.0
GATA2,HOXA9,435.0
GATA2,ORC2,154.0
GATA2,ZFP143,168.0
GATA2,RAD21,225.0
GATA2,NRF1,138.0
GATA2,MCM5,387.0
GATA2,MEIS1,386.0
GATA2,TLR4,381.0
GATA2,SNAPC3,156.0
GATA2,E2F6,188.0
GATA2,MYB,187.0
GATA2,AHR,130.0
GATA2,ELL2,132.0
GATA2,HDGF,136.0
GATA2,VHL,177.0
GATA2,SALL2,122.0
GATA2,MCM3,116.0
GATA2,PA2G4,160.0
GATA2,PHF10,185.0
GATA2,IRF6,163.0
GATA2,ZKSCAN6,158.0
GATA2,CNOT7,154.0
GATA2,APBB1,153.0
GATA2,NR3C2,295.0
GATA2,SNRPB,291.0
GATA2,E2F8,142.0
GATA2,NFIA,283.0
GATA2,HCFC1,141.0
GATA2,EGR1,141.0
GATA2,THRB,140.0
GATA2,KLF3,130.0
GATA2,HDAC11,257.0
GATA2,SATB1,416.0
GATA2,ZBTB10,251.0
GATA2,ZKSCAN17,124.0
GATA2,MAPK9,123.0
GATA2,MYC,239.0
GATA2,ZDHHC13,118.0
GATA2,JARID2,236.0
GATA2,ZFP36,231.0
GATA2,ABTB1,231.0
GATA2,IKZF1,114.0
GATA2,PBX1,223.0
GATA2,ZBTB20,217.0
GATA2,NFKBIA,215.0
GATA2,YBX1,214.0
GATA2,ZFP30,104.0
GATA2,RUNX2,101.0
GATA2,TEAD3,190.0
GATA2,GTF2E1,186.0
GATA2,RUVBL2,184.0
GATA2,TAF1,182.0
GATA2,PML,170.0
GATA2,CTR9,165.0
GATA2,CITED4,162.0
GATA2,FOS,161.0
GATA2,PWP1,154.0
GATA2,HMGB2,153.0
GATA2,ID2,457.0
GATA2,FOXO1,142.0
GATA2,TSHZ3,141.0
GATA2,NOTCH1,140.0
GATA2,ERCC8,139.0
GATA2,ETS1,126.0
GATA2,MEF2C,125.0
GATA2,RARB,120.0
GATA2,ZFP467,114.0
GATA2,RAI14,114.0
GATA2,EPAS1,113.0
GFI1,HMGB2,967.0
GFI1,REL,978.0
GFI1,DCP1A,1255.0
GFI1,HIST1H1C,1048.0
GFI1,GFI1B,2167.0
GFI1,GTF2H1,905.0
GFI1,TCF19,710.0
GFI1,GTF3C3,1479.0
GFI1,NFAT5,847.0
GFI1,NFE2,751.0
GFI1,CENPK,699.0
GFI1,SRSF1,971.0
GFI1,MIS18BP1,609.0
GFI1,ELP2,723.0
GFI1,XPC,741.0
GFI1,HDAC2,633.0
GFI1,FEM1B,572.0
GFI1,SMARCA2,1105.0
GFI1,RPA1,549.0
GFI1,NRF1,572.0
GFI1,MCM7,608.0
GFI1,ZFP143,532.0
GFI1,ZSCAN21,540.0
GFI1,SPI1,678.0
GFI1,SNAPC3,594.0
GFI1,MYB,1186.0
GFI1,IRF1,827.0
GFI1,KLF6,955.0
GFI1,ZDHHC6,543.0
GFI1,REXO4,404.0
GFI1,TRIB3,1115.0
GFI1,MCM4,532.0
GFI1,XRCC6,598.0
GFI1,ZFP110,815.0
GFI1,TAF12,503.0
GFI1,TOX4,592.0
GFI1,DDX20,452.0
GFI1,PWP1,468.0
GFI1,CNOT7,551.0
GFI1,SNRPB,658.0
GFI1,AHCTF1,437.0
GFI1,PLAG1,465.0
GFI1,RAD21,431.0
GFI1,LMO4,1002.0
GFI1,MAPK1,784.0
GFI1,ZBTB43,528.0
GFI1,XRCC5,495.0
GFI1,WDR5,600.0
GFI1,ZDHHC13,495.0
GFI1,ORC2,512.0
GFI1,TOPORS,388.0
GFI1,ELL2,355.0
GFI1,SP4,498.0
GFI1,STAT3,459.0
GFI1,TTF1,420.0
GFI1,POLR3F,476.0
GFI1,MED16,707.0
GFI1,POLR2B,399.0
GFI1,MAPK9,576.0
GFI1,RNF19A,480.0
GFI1,RAD51,443.0
GFI1,ETS1,416.0
GFI1,MCM6,530.0
GFI1,NR2C1,392.0
GFI1,GTF2E1,321.0
GFI1,NFE2L2,367.0
GFI1,E2F6,353.0
GFI1,ZZZ3,357.0
GFI1,ZKSCAN6,415.0
GFI1,MYNN,387.0
GFI1,CTR9,364.0
GFI1,RNF4,389.0
GFI1,SMAD2,679.0
GFI1,FOXO1,324.0
GFI1,PA2G4,341.0
GFI1,PHB2,492.0
GFI1,BUB3,434.0
GFI1,MCM3,474.0
GFI1,VHL,458.0
GFI1,DEK,467.0
GFI1,HDGF,417.0
GFI1,ELP3,472.0
GFI1,YBX1,380.0
GFI1,RELB,406.0
GFI1,TTF2,357.0
GFI1,HNRNPAB,353.0
GFI1,TCF12,404.0
GFI1,PRDM4,502.0
GFI1,PHF10,373.0
GFI1,POLR1B,418.0
GFI1,ABL1,401.0
GFI1,CBFB,413.0
GFI1,SATB1,285.0
GFI1,KLF3,399.0
GFI1,KDM6A,314.0
GFI1,EYA1,626.0
GFI1,ZFP592,460.0
GFI1,THRB,367.0
GFI1,E2F8,375.0
GFI1,NFKBIA,324.0
GFI1,ABTB1,413.0
GFI1,ZFP30,360.0
GFI1,NFXL1,382.0
GFI1,MXD3,497.0
GFI1,ZKSCAN17,320.0
GFI1,AFF4,488.0
GFI1,NFATC2,406.0
GFI1,GTF2F1,323.0
GFI1,PRDM5,384.0
GFI1,JUN,298.0
GFI1,ERCC8,256.0
GFI1,H1F0,291.0
GFI1,BTAF1,360.0
GFI1,RPA2,255.0
GFI1,CITED4,407.0
GFI1,BLZF1,297.0
GFI1,ZBTB10,262.0
GFI1,RUVBL2,457.0
GFI1,MEIS1,618.0
GFI1,RORA,335.0
GFI1,ZEB2,373.0
GFI1,HLF,333.0
GFI1,HDAC11,419.0
GFI1,RAI14,358.0
GFI1,MCM5,275.0
GFI1,JARID2,251.0
GFI1,NFATC1,200.0
GFI1,IKZF1,528.0
GFI1,ZFP275,302.0
GFI1,EBF1,252.0
GFI1,CREB5,201.0
GFI1,BTG2,230.0
GFI1,XRCC3,299.0
GFI1,ELF4,373.0
GFI1,KLF1,293.0
GFI1,PBX1,193.0
GFI1,E2F4,351.0
GFI1,APBB1,215.0
GFI1,EGR1,200.0
GFI1,TRPS1,248.0
GFI1,MCM2,262.0
GFI1,RB1,358.0
GFI1,NFIA,192.0
GFI1,RUNX1T1,278.0
GFI1,AHR,258.0
GFI1,XAB2,235.0
GFI1,RUNX2,272.0
GFI1,ZFP467,223.0
GFI1,NOTCH1,247.0
GFI1,IRF8,187.0
GFI1,RARB,220.0
GFI1,MAPK12,181.0
GFI1,MEF2C,218.0
GFI1,FOS,143.0
GFI1,BMI1,157.0
GFI1,TAF1,184.0
GFI1,SALL2,194.0
GFI1,VDR,142.0
GFI1,GLIS2,222.0
GFI1,IRF6,237.0
GFI1,SOX6,116.0
GFI1,EPAS1,162.0
GFI1,MECOM,166.0
GFI1,NR4A1,163.0
GFI1,IRF5,181.0
GFI1,CBX7,287.0
GFI1,NR3C2,101.0
GFI1,TSC22D3,271.0
GFI1,HOXA9,152.0
GFI1,SLA2,235.0
GFI1,IFI204,233.0
GFI1,RORC,145.0
GFI1,MYCN,219.0
GFI1,HCFC1,217.0
GFI1,TEAD3,212.0
GFI1,ID2,122.0
GFI1,NUPR1,193.0
GFI1,MYC,501.0
GFI1,NDN,144.0
GFI1,GATA2,130.0
GFI1,SOX18,127.0
GFI1,SPO11,125.0
GFI1,ZFP36,118.0
GFI1,TLR4,110.0
GFI1,EPOR,106.0
GFI1B,HMGB2,1270.0
GFI1B,TCF19,699.0
GFI1B,SMARCA2,1213.0
GFI1B,SPI1,772.0
GFI1B,REL,501.0
GFI1B,HIST1H1C,361.0
GFI1B,NFAT5,427.0
GFI1B,EGR1,384.0
GFI1B,HNRNPAB,787.0
GFI1B,GTF2H1,314.0
GFI1B,JUN,689.0
GFI1B,GTF3C3,325.0
GFI1B,NFE2,338.0
GFI1B,DCP1A,275.0
GFI1B,MEIS1,416.0
GFI1B,EYA1,502.0
GFI1B,SRSF1,176.0
GFI1B,POLR1B,174.0
GFI1B,GFI1,405.0
GFI1B,WDR5,229.0
GFI1B,ZSCAN21,175.0
GFI1B,NFATC1,260.0
GFI1B,FEM1B,165.0
GFI1B,KDM6A,219.0
GFI1B,TOX4,167.0
GFI1B,MYB,356.0
GFI1B,MCM4,173.0
GFI1B,NRF1,263.0
GFI1B,IRF1,173.0
GFI1B,HDGF,217.0
GFI1B,FOXO1,171.0
GFI1B,MCM7,176.0
GFI1B,MIS18BP1,153.0
GFI1B,ZDHHC6,148.0
GFI1B,NR2C1,266.0
GFI1B,POLR3F,265.0
GFI1B,IKZF1,173.0
GFI1B,RNF19A,153.0
GFI1B,MYCN,244.0
GFI1B,RUVBL2,230.0
GFI1B,DDX20,117.0
GFI1B,XRCC5,224.0
GFI1B,RNF4,211.0
GFI1B,IRF8,207.0
GFI1B,IFI204,204.0
GFI1B,ZZZ3,108.0
GFI1B,TTF1,199.0
GFI1B,CENPK,196.0
GFI1B,EPOR,188.0
GFI1B,SATB1,174.0
GFI1B,TCF12,172.0
GFI1B,PLAG1,172.0
GFI1B,RAD21,159.0
GFI1B,RAD51,154.0
GFI1B,HDAC7,154.0
GFI1B,ELP3,148.0
GFI1B,TAF12,140.0
GFI1B,SP4,134.0
GFI1B,HDAC2,132.0
GFI1B,NFE2L2,130.0
GFI1B,FOS,129.0
GFI1B,ZKSCAN6,128.0
GFI1B,NUPR1,128.0
GFI1B,PHF10,121.0
GFI1B,SNAPC3,118.0
GFI1B,GTF2F1,118.0
GFI1B,CTR9,118.0
GFI1B,CREB5,118.0
GFI1B,BTAF1,114.0
GFI1B,ESR1,112.0
GFI1B,XRCC6,107.0
GFI1B,STAT3,104.0
GFI1B,GTF2E1,104.0
GFI1B,ZFP110,103.0
HCFC1,POLR1B,2182.0
HCFC1,SNAPC3,2045.0
HCFC1,DCP1A,2108.0
HCFC1,AHCTF1,1983.0
HCFC1,PA2G4,1948.0
HCFC1,BUB3,2079.0
HCFC1,XAB2,1936.0
HCFC1,RPA2,1918.0
HCFC1,ABL1,1884.0
HCFC1,NFXL1,1828.0
HCFC1,MCM3,1901.0
HCFC1,GTF3C3,2375.0
HCFC1,PHB2,1888.0
HCFC1,JARID2,1750.0
HCFC1,ZFP110,1817.0
HCFC1,RAD51,1807.0
HCFC1,DDX20,2181.0
HCFC1,POLR3F,2132.0
HCFC1,MYNN,1576.0
HCFC1,GTF2E1,1728.0
HCFC1,WDR5,2109.0
HCFC1,MIS18BP1,1835.0
HCFC1,RUVBL2,2110.0
HCFC1,GTF2F1,1810.0
HCFC1,XPC,2097.0
HCFC1,TOX4,1827.0
HCFC1,BLZF1,1792.0
HCFC1,ABTB1,2101.0
HCFC1,FEM1B,1727.0
HCFC1,ELP2,1973.0
HCFC1,SP4,2033.0
HCFC1,E2F4,1937.0
HCFC1,CENPK,1969.0
HCFC1,PWP1,1890.0
HCFC1,GTF2H1,1737.0
HCFC1,REXO4,1887.0
HCFC1,ELP3,1961.0
HCFC1,ERCC8,1821.0
HCFC1,ZBTB43,2044.0
HCFC1,XRCC5,1790.0
HCFC1,PRDM4,1680.0
HCFC1,RAD21,1794.0
HCFC1,ZKSCAN17,1789.0
HCFC1,HDGF,1662.0
HCFC1,CTR9,1854.0
HCFC1,TTF1,1677.0
HCFC1,ZDHHC6,1545.0
HCFC1,ORC2,1753.0
HCFC1,HNRNPAB,1482.0
HCFC1,SNRPB,1672.0
HCFC1,NFAT5,1285.0
HCFC1,ZFP143,1525.0
HCFC1,BTAF1,1411.0
HCFC1,MCM5,1413.0
HCFC1,ZZZ3,1341.0
HCFC1,POLR2B,1445.0
HCFC1,RNF4,1380.0
HCFC1,MCM4,1297.0
HCFC1,SRSF1,1160.0
HCFC1,YBX1,1321.0
HCFC1,CNOT7,1188.0
HCFC1,MED16,1197.0
HCFC1,ZSCAN21,1207.0
HCFC1,STAT3,1134.0
HCFC1,TOPORS,1129.0
HCFC1,NR2C1,1190.0
HCFC1,TAF1,1076.0
HCFC1,TAF12,1148.0
HCFC1,MCM7,1104.0
HCFC1,TCF12,1099.0
HCFC1,TCF19,872.0
HCFC1,PLAG1,925.0
HCFC1,HCLS1,936.0
HCFC1,RPA1,854.0
HCFC1,XRCC3,847.0
HCFC1,LMO4,893.0
HCFC1,HIST1H1C,711.0
HCFC1,MAPK1,636.0
HCFC1,ZDHHC13,724.0
HCFC1,KDM6A,929.0
HCFC1,MEIS1,1378.0
HCFC1,MAPK9,598.0
HCFC1,RNF19A,676.0
HCFC1,TTF2,647.0
HCFC1,ZKSCAN6,565.0
HCFC1,HDAC2,564.0
HCFC1,HMGB2,541.0
HCFC1,NRF1,561.0
HCFC1,DEK,569.0
HCFC1,RB1,535.0
HCFC1,MCM6,472.0
HCFC1,AFF4,505.0
HCFC1,VHL,472.0
HCFC1,XRCC6,591.0
HCFC1,FOS,401.0
HCFC1,SMARCA2,490.0
HCFC1,ZFP36,394.0
HCFC1,BTG2,368.0
HCFC1,MXD3,373.0
HCFC1,MCM2,418.0
HCFC1,NR3C2,762.0
HCFC1,MYC,378.0
HCFC1,KLF6,260.0
HCFC1,H1F0,473.0
HCFC1,RELB,317.0
HCFC1,NFE2L2,305.0
HCFC1,NFATC1,528.0
HCFC1,TRIB3,283.0
HCFC1,ZFP30,470.0
HCFC1,ELL2,265.0
HCFC1,EPOR,612.0
HCFC1,JUN,347.0
HCFC1,FOXO1,342.0
HCFC1,NFKBIA,259.0
HCFC1,SMAD2,241.0
HCFC1,HLF,395.0
HCFC1,ID2,337.0
HCFC1,SPI1,530.0
HCFC1,REL,234.0
HCFC1,CBFB,284.0
HCFC1,THRB,361.0
HCFC1,E2F6,360.0
HCFC1,ZFP467,288.0
HCFC1,HDAC7,310.0
HCFC1,TLR4,436.0
HCFC1,IRF1,152.0
HCFC1,E2F8,213.0
HCFC1,ZFP275,260.0
HCFC1,NOTCH1,225.0
HCFC1,EGR1,243.0
HCFC1,IRF5,250.0
HCFC1,NFATC2,257.0
HCFC1,AHR,202.0
HCFC1,ESR1,196.0
HCFC1,HDAC11,175.0
HCFC1,CITED4,294.0
HCFC1,GFI1B,161.0
HCFC1,NFE2,202.0
HCFC1,KLF1,273.0
HCFC1,RORA,263.0
HCFC1,TSC22D3,131.0
HCFC1,PHF10,125.0
HCFC1,ZFP592,145.0
HCFC1,KLF3,125.0
HCFC1,RUNX1T1,203.0
HCFC1,ZBTB10,191.0
HCFC1,ELF4,188.0
HCFC1,CBX7,182.0
HCFC1,GFI1,178.0
HCFC1,GATA1,167.0
HCFC1,MYB,162.0
HCFC1,DDX58,155.0
HCFC1,APBB1,136.0
HCFC1,NUPR1,135.0
HCFC1,EBF1,119.0
HCFC1,CREB5,115.0
HCFC1,ETS1,112.0
HCFC1,PML,107.0
HDAC2,DDX20,1687.0
HDAC2,MIS18BP1,1471.0
HDAC2,DCP1A,1358.0
HDAC2,MCM7,1058.0
HDAC2,POLR1B,1185.0
HDAC2,PA2G4,1396.0
HDAC2,XAB2,1454.0
HDAC2,CENPK,1330.0
HDAC2,NFAT5,983.0
HDAC2,TOX4,1275.0
HDAC2,PRDM4,1092.0
HDAC2,POLR3F,1402.0
HDAC2,XPC,1063.0
HDAC2,ABTB1,1065.0
HDAC2,XRCC6,1005.0
HDAC2,AHCTF1,977.0
HDAC2,PHB2,1052.0
HDAC2,RAD51,1088.0
HDAC2,MCM5,1070.0
HDAC2,RPA2,1108.0
HDAC2,STAT3,934.0
HDAC2,ZSCAN21,1071.0
HDAC2,SP4,1096.0
HDAC2,ELP2,908.0
HDAC2,RELB,1442.0
HDAC2,ZDHHC6,851.0
HDAC2,HDGF,987.0
HDAC2,REXO4,928.0
HDAC2,BLZF1,1124.0
HDAC2,SRSF1,865.0
HDAC2,NFXL1,1016.0
HDAC2,SMARCA2,1123.0
HDAC2,HMGB2,1048.0
HDAC2,GTF2H1,1048.0
HDAC2,ELP3,982.0
HDAC2,RAD21,1046.0
HDAC2,GTF2F1,1084.0
HDAC2,XRCC5,826.0
HDAC2,MCM3,891.0
HDAC2,RUVBL2,914.0
HDAC2,GTF3C3,800.0
HDAC2,MAPK9,997.0
HDAC2,CBFB,734.0
HDAC2,ZBTB43,850.0
HDAC2,TCF19,767.0
HDAC2,MCM4,760.0
HDAC2,CTR9,909.0
HDAC2,IRF1,711.0
HDAC2,RPA1,806.0
HDAC2,FEM1B,821.0
HDAC2,REL,744.0
HDAC2,BTAF1,1040.0
HDAC2,TOPORS,822.0
HDAC2,ORC2,698.0
HDAC2,ZZZ3,779.0
HDAC2,MAPK1,721.0
HDAC2,ABL1,674.0
HDAC2,RNF4,1026.0
HDAC2,TTF1,709.0
HDAC2,HIST1H1C,960.0
HDAC2,WDR5,824.0
HDAC2,PWP1,713.0
HDAC2,ZFP110,840.0
HDAC2,NFE2L2,709.0
HDAC2,MXD3,843.0
HDAC2,NFE2,1388.0
HDAC2,MCM6,670.0
HDAC2,POLR2B,680.0
HDAC2,ERCC8,664.0
HDAC2,GTF2E1,707.0
HDAC2,ETS1,807.0
HDAC2,RORA,741.0
HDAC2,MCM2,571.0
HDAC2,VHL,851.0
HDAC2,ZKSCAN6,651.0
HDAC2,KLF1,652.0
HDAC2,SNAPC3,659.0
HDAC2,E2F4,709.0
HDAC2,SMAD2,756.0
HDAC2,E2F8,692.0
HDAC2,MYNN,623.0
HDAC2,TAF1,720.0
HDAC2,E2F6,663.0
HDAC2,RB1,597.0
HDAC2,ZDHHC13,609.0
HDAC2,YBX1,496.0
HDAC2,RNF19A,762.0
HDAC2,ZBTB10,670.0
HDAC2,MED16,709.0
HDAC2,NFATC2,556.0
HDAC2,PBX1,1063.0
HDAC2,NR2C1,540.0
HDAC2,TTF2,556.0
HDAC2,XRCC3,501.0
HDAC2,NR4A1,567.0
HDAC2,SNRPB,494.0
HDAC2,HNRNPAB,492.0
HDAC2,CNOT7,511.0
HDAC2,BTG2,496.0
HDAC2,NFKBIA,442.0
HDAC2,ZFP275,698.0
HDAC2,FOS,515.0
HDAC2,AFF4,598.0
HDAC2,ZFP143,487.0
HDAC2,ELF4,903.0
HDAC2,BUB3,465.0
HDAC2,ZKSCAN17,619.0
HDAC2,TCF12,487.0
HDAC2,PLAG1,456.0
HDAC2,TRIB3,493.0
HDAC2,PHF10,564.0
HDAC2,TAF12,457.0
HDAC2,DEK,483.0
HDAC2,ZFP30,420.0
HDAC2,NRF1,594.0
HDAC2,EYA2,774.0
HDAC2,ID2,674.0
HDAC2,NOTCH1,828.0
HDAC2,HDAC7,781.0
HDAC2,RUNX2,1026.0
HDAC2,EPAS1,515.0
HDAC2,JUN,509.0
HDAC2,TLR4,1460.0
HDAC2,HCLS1,736.0
HDAC2,GFI1,625.0
HDAC2,ZEB2,568.0
HDAC2,EGR1,468.0
HDAC2,VDR,750.0
HDAC2,ELL2,433.0
HDAC2,KLF6,486.0
HDAC2,EYA1,486.0
HDAC2,KLF3,371.0
HDAC2,PRDM5,417.0
HDAC2,EPOR,425.0
HDAC2,RAI14,555.0
HDAC2,CREB5,677.0
HDAC2,APBB1,432.0
HDAC2,RORC,687.0
HDAC2,NUPR1,799.0
HDAC2,NFATC1,320.0
HDAC2,KDM6A,367.0
HDAC2,CBX7,733.0
HDAC2,FOXO1,364.0
HDAC2,GLIS2,542.0
HDAC2,GFI1B,912.0
HDAC2,MYC,254.0
HDAC2,MEIS1,377.0
HDAC2,LMO4,290.0
HDAC2,SLA2,505.0
HDAC2,TRPS1,258.0
HDAC2,MYCN,596.0
HDAC2,NR3C2,357.0
HDAC2,SALL2,367.0
HDAC2,JARID2,326.0
HDAC2,H1F0,467.0
HDAC2,IFI204,365.0
HDAC2,HDAC11,503.0
HDAC2,EBF1,387.0
HDAC2,ZFP467,478.0
HDAC2,RUNX1T1,458.0
HDAC2,ESR1,496.0
HDAC2,ZFP592,361.0
HDAC2,ZBTB20,508.0
HDAC2,DDX58,284.0
HDAC2,TEAD3,404.0
HDAC2,TEAD2,342.0
HDAC2,HCFC1,333.0
HDAC2,MYB,340.0
HDAC2,GATA2,390.0
HDAC2,MEF2C,1086.0
HDAC2,TSHZ3,278.0
HDAC2,IRF5,390.0
HDAC2,SATB1,342.0
HDAC2,AHR,298.0
HDAC2,HDAC9,664.0
HDAC2,SPI1,615.0
HDAC2,ZFP36,207.0
HDAC2,PML,190.0
HDAC2,ARID3B,775.0
HDAC2,IKZF1,327.0
HDAC2,MECOM,284.0
HDAC2,THRB,173.0
HDAC2,IRF8,196.0
HDAC2,NFIA,194.0
HDAC2,PPARGC1A,200.0
HDAC2,TSC22D3,184.0
HDAC2,MAPK12,159.0
HDAC2,RARB,237.0
HDAC2,TLE2,114.0
HDAC2,CITED4,144.0
HDAC2,BMI1,114.0
HDAC2,PRDM16,195.0
HDAC2,IKZF2,296.0
HDAC2,SOX6,258.0
HDAC2,SOX18,254.0
HDAC2,NDN,153.0
HDAC2,IRF6,126.0
IKZF1,DDX20,2865.0
IKZF1,PA2G4,1985.0
IKZF1,TCF19,1728.0
IKZF1,MIS18BP1,1350.0
IKZF1,NFAT5,1493.0
IKZF1,AHCTF1,1445.0
IKZF1,MCM3,1358.0
IKZF1,ZZZ3,1530.0
IKZF1,NFE2,1578.0
IKZF1,TOPORS,1402.0
IKZF1,ABTB1,975.0
IKZF1,HIST1H1C,1082.0
IKZF1,TLR4,1347.0
IKZF1,ZFP143,1036.0
IKZF1,TCF12,1190.0
IKZF1,ZDHHC6,1315.0
IKZF1,XRCC6,770.0
IKZF1,RB1,948.0
IKZF1,DCP1A,1156.0
IKZF1,RPA2,580.0
IKZF1,XPC,942.0
IKZF1,EYA1,1566.0
IKZF1,ZSCAN21,1197.0
IKZF1,JUN,974.0
IKZF1,ELP3,1134.0
IKZF1,XRCC5,961.0
IKZF1,SNRPB,1288.0
IKZF1,TOX4,952.0
IKZF1,GTF3C3,944.0
IKZF1,SLA2,735.0
IKZF1,ZBTB20,501.0
IKZF1,GTF2F1,798.0
IKZF1,RAD51,1046.0
IKZF1,MCM4,696.0
IKZF1,ZDHHC13,929.0
IKZF1,SP4,720.0
IKZF1,ABL1,749.0
IKZF1,NFXL1,590.0
IKZF1,EYA2,488.0
IKZF1,KDM6A,705.0
IKZF1,IRF5,1000.0
IKZF1,DEK,725.0
IKZF1,GFI1,945.0
IKZF1,GFI1B,1138.0
IKZF1,BTAF1,623.0
IKZF1,ZFP110,1194.0
IKZF1,REL,920.0
IKZF1,SALL2,730.0
IKZF1,ZKSCAN6,701.0
IKZF1,ZKSCAN17,548.0
IKZF1,SNAPC3,416.0
IKZF1,FEM1B,551.0
IKZF1,MCM6,604.0
IKZF1,MAPK1,996.0
IKZF1,MYNN,605.0
IKZF1,TTF2,768.0
IKZF1,JARID2,724.0
IKZF1,NFE2L2,523.0
IKZF1,RNF19A,630.0
IKZF1,PHB2,754.0
IKZF1,SPI1,754.0
IKZF1,REXO4,643.0
IKZF1,H1F0,852.0
IKZF1,TTF1,824.0
IKZF1,MXD3,426.0
IKZF1,E2F8,568.0
IKZF1,KLF6,442.0
IKZF1,RELB,768.0
IKZF1,HCLS1,1003.0
IKZF1,RUVBL2,426.0
IKZF1,MYC,451.0
IKZF1,STAT3,629.0
IKZF1,PRDM4,494.0
IKZF1,ZBTB43,1051.0
IKZF1,SRSF1,641.0
IKZF1,MCM2,806.0
IKZF1,SMARCA2,391.0
IKZF1,CENPK,699.0
IKZF1,MYCN,454.0
IKZF1,BUB3,624.0
IKZF1,POLR2B,518.0
IKZF1,GTF2E1,770.0
IKZF1,HMGB2,715.0
IKZF1,CNOT7,479.0
IKZF1,TRPS1,875.0
IKZF1,CBFB,607.0
IKZF1,IRF1,563.0
IKZF1,MCM7,423.0
IKZF1,NFKBIA,460.0
IKZF1,KLF3,430.0
IKZF1,ID2,632.0
IKZF1,ETS1,494.0
IKZF1,HDAC7,479.0
IKZF1,MEF2C,765.0
IKZF1,EBF1,458.0
IKZF1,POLR3F,556.0
IKZF1,GTF2H1,585.0
IKZF1,HDAC2,458.0
IKZF1,FOXO1,391.0
IKZF1,MCM5,518.0
IKZF1,RNF4,528.0
IKZF1,APBB1,980.0
IKZF1,E2F4,722.0
IKZF1,BTG2,500.0
IKZF1,MYB,282.0
IKZF1,ORC2,624.0
IKZF1,ERCC8,640.0
IKZF1,PHF10,584.0
IKZF1,ZEB2,350.0
IKZF1,WDR5,583.0
IKZF1,HNRNPAB,455.0
IKZF1,XAB2,487.0
IKZF1,NFATC2,407.0
IKZF1,RAD21,572.0
IKZF1,ZFP275,666.0
IKZF1,SATB1,366.0
IKZF1,NOTCH1,312.0
IKZF1,POLR1B,395.0
IKZF1,AFF4,348.0
IKZF1,PWP1,324.0
IKZF1,EGR1,319.0
IKZF1,MAPK9,387.0
IKZF1,HDGF,535.0
IKZF1,THRB,390.0
IKZF1,TRIB3,323.0
IKZF1,HLF,386.0
IKZF1,HDAC11,412.0
IKZF1,NR4A1,259.0
IKZF1,RPA1,499.0
IKZF1,ZFP467,252.0
IKZF1,VHL,484.0
IKZF1,HCFC1,245.0
IKZF1,FOS,348.0
IKZF1,LMO4,225.0
IKZF1,TAF12,370.0
IKZF1,TSC22D3,303.0
IKZF1,BLZF1,463.0
IKZF1,IRF8,358.0
IKZF1,NRF1,350.0
IKZF1,CTR9,288.0
IKZF1,EPAS1,222.0
IKZF1,ZBTB10,287.0
IKZF1,TAF1,324.0
IKZF1,MED16,220.0
IKZF1,ZFP30,288.0
IKZF1,ELF4,376.0
IKZF1,ESR1,249.0
IKZF1,ELP2,279.0
IKZF1,PML,346.0
IKZF1,RAI14,384.0
IKZF1,ZFP592,303.0
IKZF1,ELL2,249.0
IKZF1,KLF1,295.0
IKZF1,BMI1,272.0
IKZF1,E2F6,213.0
IKZF1,RORC,521.0
IKZF1,ZFP36,195.0
IKZF1,CBX7,209.0
IKZF1,NUPR1,207.0
IKZF1,CREB5,129.0
IKZF1,PLAG1,204.0
IKZF1,RORA,213.0
IKZF1,YBX1,241.0
IKZF1,DDX58,215.0
IKZF1,SOX6,309.0
IKZF1,NFATC1,148.0
IKZF1,SMAD2,245.0
IKZF1,NR2C1,238.0
IKZF1,HDAC9,196.0
IKZF1,MEIS1,293.0
IKZF1,TLE2,107.0
IKZF1,PPARGC1A,159.0
IKZF1,PBX1,135.0
IKZF1,PRDM5,177.0
IKZF1,NFIA,159.0
IKZF1,IRF6,158.0
IKZF1,TEAD3,156.0
IKZF1,XRCC3,142.0
IKZF1,EPOR,128.0
IKZF1,BATF2,119.0
IRF1,HDAC2,2137.0
IRF1,TLR4,1521.0
IRF1,FOS,1829.0
IRF1,BATF2,1240.0
IRF1,DDX58,1417.0
IRF1,MCM4,1382.0
IRF1,MYNN,1418.0
IRF1,IFI204,774.0
IRF1,ETS1,607.0
IRF1,TCF12,525.0
IRF1,SMARCA2,883.0
IRF1,KLF3,1112.0
IRF1,TOX4,623.0
IRF1,IRF5,502.0
IRF1,MEF2C,491.0
IRF1,ESR1,705.0
IRF1,THRB,642.0
IRF1,NFAT5,616.0
IRF1,MED16,298.0
IRF1,MEIS1,215.0
IRF1,RARB,323.0
IRF1,SP4,319.0
IRF1,RNF4,426.0
IRF1,DEK,404.0
IRF1,PLAG1,312.0
IRF1,PML,304.0
IRF1,NFATC1,203.0
IRF1,GTF3C3,233.0
IRF1,DCP1A,150.0
IRF1,ZEB2,194.0
IRF1,STAT3,191.0
IRF1,REXO4,106.0
IRF1,AFF4,268.0
IRF1,EGR1,129.0
IRF1,PRDM16,236.0
IRF1,CBFB,231.0
IRF1,ZFP592,217.0
IRF1,TAF1,123.0
IRF1,E2F4,114.0
IRF1,POLR3F,191.0
IRF1,PA2G4,175.0
IRF1,HCLS1,161.0
IRF1,LMO4,152.0
IRF1,MIS18BP1,131.0
IRF1,ZBTB20,124.0
IRF1,XPC,114.0
IRF1,SRSF1,114.0
IRF8,TLR4,2659.0
IRF8,IRF5,2024.0
IRF8,ZEB2,2429.0
IRF8,XRCC5,1278.0
IRF8,ARID3B,869.0
IRF8,HCLS1,879.0
IRF8,DEK,858.0
IRF8,IFI204,523.0
IRF8,E2F8,469.0
IRF8,MEF2C,949.0
IRF8,TOX4,579.0
IRF8,IKZF1,610.0
IRF8,RARB,392.0
IRF8,BLZF1,586.0
IRF8,PML,575.0
IRF8,NFATC2,469.0
IRF8,ZKSCAN6,221.0
IRF8,DDX20,213.0
IRF8,DCP1A,332.0
IRF8,NFAT5,251.0
IRF8,WDR5,407.0
IRF8,ZDHHC13,218.0
IRF8,ZDHHC6,238.0
IRF8,XRCC6,310.0
IRF8,ELP3,245.0
IRF8,GFI1B,406.0
IRF8,SRSF1,215.0
IRF8,ABL1,253.0
IRF8,TCF19,179.0
IRF8,MCM7,135.0
IRF8,REXO4,159.0
IRF8,CREB5,139.0
IRF8,MCM4,138.0
IRF8,TCF12,181.0
IRF8,CENPK,173.0
IRF8,GTF3C3,150.0
IRF8,CBFB,158.0
IRF8,BTAF1,143.0
IRF8,BATF2,146.0
IRF8,NOTCH1,235.0
IRF8,E2F4,224.0
IRF8,MIS18BP1,105.0
IRF8,GTF2H1,194.0
IRF8,XPC,109.0
IRF8,FOS,101.0
IRF8,MEIS1,147.0
IRF8,NFE2L2,143.0
IRF8,FEM1B,134.0
IRF8,PRDM4,132.0
IRF8,HDGF,127.0
IRF8,SMARCA2,123.0
IRF8,ZBTB20,117.0
IRF8,TRPS1,111.0
IRF8,ESR1,111.0
IRF8,RNF4,109.0
IRF8,PHB2,107.0
IRF8,NUPR1,102.0
IRF8,MYC,553.0
JUN,CREB5,2207.0
JUN,BTG2,1839.0
JUN,IFI204,2196.0
JUN,SPI1,1631.0
JUN,ZBTB10,2133.0
JUN,IRF5,1661.0
JUN,NFKBIA,1453.0
JUN,KLF6,1179.0
JUN,TRIB3,1515.0
JUN,SMARCA2,1161.0
JUN,ZKSCAN6,1425.0
JUN,RUVBL2,1169.0
JUN,ZEB2,1092.0
JUN,REL,1613.0
JUN,TCF12,950.0
JUN,BTAF1,1093.0
JUN,ZSCAN21,885.0
JUN,FEM1B,1617.0
JUN,E2F8,1524.0
JUN,HCLS1,907.0
JUN,ARID3B,1199.0
JUN,DDX20,822.0
JUN,NFE2,911.0
JUN,STAT3,648.0
JUN,NR4A1,1212.0
JUN,ABTB1,738.0
JUN,TLR4,809.0
JUN,VDR,794.0
JUN,GTF2F1,593.0
JUN,NUPR1,1415.0
JUN,RARB,1136.0
JUN,RELB,1666.0
JUN,DCP1A,975.0
JUN,PRDM4,1813.0
JUN,ZBTB43,492.0
JUN,NFE2L2,1297.0
JUN,KLF3,687.0
JUN,XRCC6,523.0
JUN,PHB2,484.0
JUN,TOX4,590.0
JUN,NFATC1,1256.0
JUN,ZKSCAN17,948.0
JUN,ZDHHC13,865.0
JUN,HDGF,1264.0
JUN,ELF4,617.0
JUN,ETS1,805.0
JUN,MEF2C,815.0
JUN,GTF2H1,473.0
JUN,TRPS1,462.0
JUN,AHCTF1,482.0
JUN,IRF1,1312.0
JUN,RORA,731.0
JUN,ELL2,513.0
JUN,TOPORS,662.0
JUN,PA2G4,523.0
JUN,RAD51,536.0
JUN,POLR2B,410.0
JUN,MED16,385.0
JUN,SP4,502.0
JUN,XPC,476.0
JUN,PWP1,543.0
JUN,XAB2,462.0
JUN,AFF4,555.0
JUN,E2F6,927.0
JUN,BMI1,604.0
JUN,ORC2,433.0
JUN,MCM4,449.0
JUN,POLR1B,312.0
JUN,SRSF1,385.0
JUN,HLF,458.0
JUN,RAD21,770.0
JUN,NR2C1,459.0
JUN,MIS18BP1,644.0
JUN,CBFB,456.0
JUN,DEK,647.0
JUN,CNOT7,575.0
JUN,TAF1,335.0
JUN,E2F4,365.0
JUN,APBB1,592.0
JUN,PLAG1,719.0
JUN,ELP3,513.0
JUN,FOS,388.0
JUN,EYA1,512.0
JUN,MYNN,542.0
JUN,TCF19,414.0
JUN,BATF2,470.0
JUN,IKZF1,518.0
JUN,BLZF1,334.0
JUN,DDX58,496.0
JUN,RPA2,324.0
JUN,CTR9,333.0
JUN,MCM5,254.0
JUN,CENPK,274.0
JUN,XRCC5,430.0
JUN,NFAT5,687.0
JUN,TTF1,435.0
JUN,EGR1,505.0
JUN,HIST1H1C,426.0
JUN,MCM2,291.0
JUN,MAPK1,385.0
JUN,PBX1,340.0
JUN,HDAC2,315.0
JUN,POLR3F,221.0
JUN,ELP2,351.0
JUN,RNF4,265.0
JUN,RPA1,207.0
JUN,MCM7,360.0
JUN,ZDHHC6,399.0
JUN,BUB3,238.0
JUN,HDAC9,273.0
JUN,HNRNPAB,397.0
JUN,EYA2,855.0
JUN,LMO4,231.0
JUN,RAI14,587.0
JUN,ABL1,244.0
JUN,HMGB2,259.0
JUN,SATB1,875.0
JUN,RB1,294.0
JUN,RNF19A,223.0
JUN,WDR5,230.0
JUN,KDM6A,218.0
JUN,ZZZ3,241.0
JUN,MEIS1,268.0
JUN,MXD3,341.0
JUN,ERCC8,226.0
JUN,TTF2,199.0
JUN,JARID2,213.0
JUN,TSC22D3,192.0
JUN,AHR,218.0
JUN,GTF2E1,234.0
JUN,GTF3C3,487.0
JUN,ZFP143,256.0
JUN,NFXL1,312.0
JUN,GFI1B,303.0
JUN,SMAD2,359.0
JUN,ZFP110,431.0
JUN,HDAC7,420.0
JUN,YBX1,289.0
JUN,ESR1,310.0
JUN,REXO4,248.0
JUN,ID2,258.0
JUN,MYC,433.0
JUN,NRF1,220.0
JUN,TAF12,261.0
JUN,H1F0,258.0
JUN,IRF8,429.0
JUN,RUNX2,342.0
JUN,SNAPC3,201.0
JUN,MCM3,208.0
JUN,SNRPB,280.0
JUN,MAPK9,181.0
JUN,CSRP3,292.0
JUN,VHL,234.0
JUN,SLA2,185.0
JUN,NR3C2,310.0
JUN,RORC,462.0
JUN,XRCC3,141.0
JUN,TSHZ3,438.0
JUN,MCM6,227.0
JUN,THRB,310.0
JUN,EBF1,175.0
JUN,NOTCH1,312.0
JUN,SOX6,416.0
JUN,EPAS1,130.0
JUN,ZBTB20,208.0
JUN,PPARGC1A,226.0
JUN,HCFC1,138.0
JUN,GFI1,320.0
JUN,PRDM16,304.0
JUN,ZFP275,164.0
JUN,MYCN,145.0
JUN,PML,109.0
JUN,IRF6,207.0
JUN,PHF10,124.0
JUN,FOXO1,190.0
JUN,PRDM5,179.0
JUN,NFATC2,165.0
JUN,RUNX1T1,155.0
JUN,CITED4,155.0
JUN,MECOM,135.0
JUN,CBX7,135.0
JUN,ZFP592,118.0
JUN,ZFP36,102.0
KDM6A,REXO4,2018.0
KDM6A,ZDHHC6,1731.0
KDM6A,DCP1A,2148.0
KDM6A,GTF3C3,1590.0
KDM6A,POLR1B,1688.0
KDM6A,FEM1B,1452.0
KDM6A,ELP2,834.0
KDM6A,XRCC5,893.0
KDM6A,BUB3,852.0
KDM6A,XAB2,663.0
KDM6A,SRSF1,528.0
KDM6A,PHB2,608.0
KDM6A,NFXL1,619.0
KDM6A,PA2G4,639.0
KDM6A,WDR5,706.0
KDM6A,SNRPB,585.0
KDM6A,SNAPC3,681.0
KDM6A,MIS18BP1,339.0
KDM6A,ZFP143,353.0
KDM6A,RAD51,397.0
KDM6A,ZFP110,367.0
KDM6A,MYNN,277.0
KDM6A,AHCTF1,348.0
KDM6A,XPC,537.0
KDM6A,JARID2,459.0
KDM6A,ABL1,424.0
KDM6A,NFAT5,270.0
KDM6A,PRDM4,291.0
KDM6A,RAD21,488.0
KDM6A,GTF2E1,346.0
KDM6A,HIST1H1C,188.0
KDM6A,MCM3,224.0
KDM6A,TAF12,175.0
KDM6A,RPA2,190.0
KDM6A,POLR3F,189.0
KDM6A,POLR2B,260.0
KDM6A,TOX4,234.0
KDM6A,NFE2L2,199.0
KDM6A,E2F4,316.0
KDM6A,PLAG1,313.0
KDM6A,HDAC2,207.0
KDM6A,MAPK1,182.0
KDM6A,GTF2F1,280.0
KDM6A,MCM7,183.0
KDM6A,XRCC6,180.0
KDM6A,STAT3,184.0
KDM6A,HNRNPAB,162.0
KDM6A,ABTB1,177.0
KDM6A,ZBTB43,254.0
KDM6A,RNF4,130.0
KDM6A,BTAF1,133.0
KDM6A,PWP1,223.0
KDM6A,TCF12,115.0
KDM6A,RELB,214.0
KDM6A,ORC2,209.0
KDM6A,SP4,205.0
KDM6A,KLF3,127.0
KDM6A,GTF2H1,202.0
KDM6A,MED16,105.0
KDM6A,HMGB2,104.0
KDM6A,HCFC1,196.0
KDM6A,NR4A1,177.0
KDM6A,CENPK,177.0
KDM6A,ZZZ3,175.0
KDM6A,CTR9,172.0
KDM6A,AHR,158.0
KDM6A,MCM4,155.0
KDM6A,RUVBL2,153.0
KDM6A,CBFB,149.0
KDM6A,MCM5,147.0
KDM6A,SMARCA2,142.0
KDM6A,NR3C2,142.0
KDM6A,TCF19,139.0
KDM6A,CITED4,138.0
KDM6A,RPA1,137.0
KDM6A,BLZF1,136.0
KDM6A,YBX1,133.0
KDM6A,DDX20,131.0
KDM6A,AFF4,123.0
KDM6A,TOPORS,122.0
KDM6A,NFATC2,120.0
KDM6A,ELL2,120.0
KDM6A,CNOT7,120.0
KDM6A,XRCC3,118.0
KDM6A,ZKSCAN17,117.0
KDM6A,HDGF,117.0
KDM6A,BTG2,116.0
KDM6A,ZFP467,113.0
KDM6A,CBX7,113.0
KDM6A,FOS,108.0
KDM6A,ZSCAN21,102.0
KDM6A,EPAS1,101.0
MEF2C,HDAC9,545.0
MEF2C,KLF6,170.0
MEF2C,JUN,171.0
MEIS1,JARID2,2251.0
MEIS1,ZKSCAN6,2564.0
MEIS1,POLR3F,1882.0
MEIS1,HOXA9,1161.0
MEIS1,SMARCA2,1792.0
MEIS1,HIST1H1C,736.0
MEIS1,GTF2H1,1116.0
MEIS1,SPI1,1218.0
MEIS1,DDX20,1518.0
MEIS1,CENPK,1315.0
MEIS1,MYNN,1179.0
MEIS1,SP4,1249.0
MEIS1,NFAT5,1187.0
MEIS1,NFE2,1109.0
MEIS1,NR3C2,941.0
MEIS1,SOX6,1041.0
MEIS1,MAPK1,726.0
MEIS1,KLF3,849.0
MEIS1,TRPS1,631.0
MEIS1,REL,939.0
MEIS1,NFATC2,1057.0
MEIS1,PLAG1,983.0
MEIS1,MECOM,1001.0
MEIS1,ETS1,611.0
MEIS1,ZDHHC13,883.0
MEIS1,XRCC6,693.0
MEIS1,NR2C1,657.0
MEIS1,MCM2,786.0
MEIS1,MCM7,690.0
MEIS1,TSHZ3,690.0
MEIS1,ZBTB10,549.0
MEIS1,PPARGC1A,769.0
MEIS1,CNOT7,701.0
MEIS1,STAT3,470.0
MEIS1,GTF2E1,505.0
MEIS1,FOXO1,673.0
MEIS1,NFE2L2,616.0
MEIS1,AFF4,474.0
MEIS1,MAPK9,406.0
MEIS1,TOX4,502.0
MEIS1,TAF12,543.0
MEIS1,VDR,559.0
MEIS1,XRCC5,379.0
MEIS1,PBX1,513.0
MEIS1,RARB,374.0
MEIS1,RUVBL2,388.0
MEIS1,XAB2,425.0
MEIS1,CTR9,503.0
MEIS1,ZFP143,419.0
MEIS1,LMO4,504.0
MEIS1,POLR2B,487.0
MEIS1,TSC22D3,627.0
MEIS1,TCF12,434.0
MEIS1,RAD51,413.0
MEIS1,ZSCAN21,455.0
MEIS1,DCP1A,389.0
MEIS1,RNF4,296.0
MEIS1,RPA1,295.0
MEIS1,HCFC1,479.0
MEIS1,HMGB2,532.0
MEIS1,PA2G4,438.0
MEIS1,NUPR1,537.0
MEIS1,XRCC3,324.0
MEIS1,SNAPC3,460.0
MEIS1,ELL2,372.0
MEIS1,PHF10,271.0
MEIS1,IFI204,308.0
MEIS1,NR4A1,295.0
MEIS1,KDM6A,334.0
MEIS1,TRIB3,333.0
MEIS1,ZFP110,309.0
MEIS1,BUB3,305.0
MEIS1,BLZF1,276.0
MEIS1,ABL1,231.0
MEIS1,BTG2,232.0
MEIS1,RELB,248.0
MEIS1,MXD3,321.0
MEIS1,E2F8,359.0
MEIS1,FEM1B,296.0
MEIS1,HCLS1,325.0
MEIS1,RB1,290.0
MEIS1,CBFB,354.0
MEIS1,CBX7,275.0
MEIS1,JUN,289.0
MEIS1,ELP3,215.0
MEIS1,NRF1,191.0
MEIS1,PHB2,254.0
MEIS1,KLF6,279.0
MEIS1,TTF2,186.0
MEIS1,ABTB1,176.0
MEIS1,EBF1,452.0
MEIS1,NFATC1,315.0
MEIS1,GFI1B,289.0
MEIS1,ERCC8,254.0
MEIS1,VHL,224.0
MEIS1,ZZZ3,230.0
MEIS1,TAF1,216.0
MEIS1,RAD21,215.0
MEIS1,IKZF1,238.0
MEIS1,PRDM4,258.0
MEIS1,E2F4,203.0
MEIS1,MCM3,141.0
MEIS1,HDAC7,199.0
MEIS1,ELP2,257.0
MEIS1,ZFP36,201.0
MEIS1,POLR1B,232.0
MEIS1,RNF19A,175.0
MEIS1,MCM4,181.0
MEIS1,SNRPB,185.0
MEIS1,BMI1,166.0
MEIS1,TLR4,161.0
MEIS1,GTF2F1,182.0
MEIS1,BTAF1,162.0
MEIS1,RORA,197.0
MEIS1,MYC,157.0
MEIS1,MCM5,163.0
MEIS1,MCM6,160.0
MEIS1,ORC2,145.0
MEIS1,ESR1,179.0
MEIS1,APBB1,279.0
MEIS1,EYA2,266.0
MEIS1,TOPORS,139.0
MEIS1,SALL2,263.0
MEIS1,HDGF,155.0
MEIS1,CITED4,138.0
MEIS1,MIS18BP1,135.0
MEIS1,ZBTB43,258.0
MEIS1,TCF19,139.0
MEIS1,SATB1,246.0
MEIS1,SMAD2,141.0
MEIS1,CREB5,132.0
MEIS1,ZFP592,130.0
MEIS1,HNRNPAB,126.0
MEIS1,RUNX1T1,227.0
MEIS1,XPC,108.0
MEIS1,EPAS1,105.0
MEIS1,GFI1,192.0
MEIS1,DDX58,185.0
MEIS1,FOS,179.0
MEIS1,RUNX2,178.0
MEIS1,HDAC11,155.0
MEIS1,ZFP275,154.0
MEIS1,NFXL1,154.0
MEIS1,SLA2,152.0
MEIS1,ID2,152.0
MEIS1,IRF5,151.0
MEIS1,HDAC2,142.0
MEIS1,AHR,140.0
MEIS1,ZDHHC6,133.0
MEIS1,MEF2C,131.0
MEIS1,TTF1,125.0
MEIS1,ZEB2,124.0
MEIS1,DEK,122.0
MEIS1,SRSF1,114.0
MEIS1,MYB,112.0
MEIS1,AHCTF1,104.0
MYC,POLR1B,3225.0
MYC,HDGF,3183.0
MYC,TAF12,3057.0
MYC,MCM7,2696.0
MYC,ZZZ3,2707.0
MYC,STAT3,3077.0
MYC,SRSF1,2116.0
MYC,PA2G4,1826.0
MYC,XRCC6,2298.0
MYC,PWP1,2161.0
MYC,YBX1,2070.0
MYC,SMARCA2,1804.0
MYC,HNRNPAB,1682.0
MYC,RNF4,1581.0
MYC,GTF2H1,2098.0
MYC,NFE2L2,2031.0
MYC,XPC,1715.0
MYC,XRCC5,1702.0
MYC,HDAC2,1666.0
MYC,RUVBL2,1974.0
MYC,SNRPB,1596.0
MYC,PRDM4,2066.0
MYC,ZBTB10,1572.0
MYC,ELP2,1646.0
MYC,POLR2B,1760.0
MYC,WDR5,1373.0
MYC,PHB2,1685.0
MYC,NRF1,1338.0
MYC,AHCTF1,1796.0
MYC,PRDM5,2383.0
MYC,REXO4,1618.0
MYC,BTAF1,1495.0
MYC,TOPORS,1175.0
MYC,ORC2,1909.0
MYC,MAPK1,1106.0
MYC,ELP3,1743.0
MYC,MCM6,1321.0
MYC,NFXL1,1100.0
MYC,SMAD2,1290.0
MYC,DDX20,1066.0
MYC,RPA1,1034.0
MYC,TTF2,1289.0
MYC,RORC,1581.0
MYC,FEM1B,1134.0
MYC,ZBTB43,1002.0
MYC,ZDHHC6,1358.0
MYC,ERCC8,1198.0
MYC,MCM3,1308.0
MYC,GTF2E1,1027.0
MYC,MIS18BP1,1000.0
MYC,MXD3,932.0
MYC,TRPS1,1418.0
MYC,SNAPC3,1067.0
MYC,ABL1,1115.0
MYC,HCFC1,1299.0
MYC,ZKSCAN6,988.0
MYC,DCP1A,749.0
MYC,ZFP110,756.0
MYC,RAI14,1020.0
MYC,NFAT5,527.0
MYC,POLR3F,1254.0
MYC,PLAG1,960.0
MYC,NUPR1,1499.0
MYC,ZDHHC13,962.0
MYC,RPA2,1004.0
MYC,BLZF1,1001.0
MYC,SP4,865.0
MYC,E2F6,672.0
MYC,ZFP143,765.0
MYC,NFIA,931.0
MYC,E2F8,853.0
MYC,E2F4,761.0
MYC,BUB3,955.0
MYC,GFI1,1572.0
MYC,PHF10,789.0
MYC,REL,781.0
MYC,GTF2F1,690.0
MYC,ETS1,1119.0
MYC,HLF,1168.0
MYC,CNOT7,596.0
MYC,RUNX1T1,1312.0
MYC,MAPK9,691.0
MYC,MCM2,744.0
MYC,RAD51,625.0
MYC,IRF8,1573.0
MYC,ABTB1,873.0
MYC,XRCC3,716.0
MYC,MCM4,739.0
MYC,MEIS1,580.0
MYC,CBX7,1192.0
MYC,TOX4,574.0
MYC,JARID2,985.0
MYC,ZFP275,851.0
MYC,NFKBIA,784.0
MYC,MED16,760.0
MYC,NFE2,1450.0
MYC,CTR9,520.0
MYC,MYB,565.0
MYC,BTG2,616.0
MYC,TCF12,654.0
MYC,HMGB2,688.0
MYC,TTF1,483.0
MYC,LMO4,562.0
MYC,IRF1,492.0
MYC,CBFB,597.0
MYC,NR2C1,528.0
MYC,HIST1H1C,522.0
MYC,AFF4,824.0
MYC,VHL,537.0
MYC,NR4A1,652.0
MYC,KLF3,786.0
MYC,AHR,926.0
MYC,H1F0,536.0
MYC,RNF19A,660.0
MYC,GLIS2,552.0
MYC,CENPK,473.0
MYC,ZEB2,559.0
MYC,TCF19,466.0
MYC,DEK,678.0
MYC,MCM5,534.0
MYC,RAD21,374.0
MYC,MYNN,524.0
MYC,CREB5,480.0
MYC,HDAC11,804.0
MYC,ZKSCAN17,294.0
MYC,XAB2,448.0
MYC,MAPK12,571.0
MYC,TRIB3,462.0
MYC,KDM6A,411.0
MYC,PRDM16,467.0
MYC,NFATC1,522.0
MYC,APBB1,707.0
MYC,THRB,632.0
MYC,HDAC9,869.0
MYC,ID2,1544.0
MYC,TEAD2,574.0
MYC,EBF1,395.0
MYC,IRF5,980.0
MYC,TAF1,327.0
MYC,BMI1,578.0
MYC,RORA,506.0
MYC,RELB,388.0
MYC,FOXO1,277.0
MYC,HNF4A,990.0
MYC,ZFP592,307.0
MYC,SOX6,358.0
MYC,DDX58,334.0
MYC,NFATC2,564.0
MYC,GTF3C3,474.0
MYC,JUN,315.0
MYC,TEAD3,433.0
MYC,KLF6,438.0
MYC,MEF2C,575.0
MYC,TLR4,333.0
MYC,RARB,490.0
MYC,PBX1,649.0
MYC,ELF4,327.0
MYC,NOTCH1,394.0
MYC,RB1,548.0
MYC,ZSCAN21,260.0
MYC,IKZF1,338.0
MYC,IRF6,440.0
MYC,HDAC7,299.0
MYC,PPARGC1A,295.0
MYC,CITED4,355.0
MYC,RUNX2,278.0
MYC,ZFP30,261.0
MYC,SALL2,362.0
MYC,NR3C2,317.0
MYC,HOXA9,343.0
MYC,SPI1,387.0
MYC,VDR,355.0
MYC,HCLS1,368.0
MYC,EGR1,450.0
MYC,MECOM,349.0
MYC,FOS,494.0
MYC,ESR1,453.0
MYC,ZFP36,366.0
MYC,ELL2,370.0
MYC,EPAS1,257.0
MYC,GATA2,239.0
MYC,PML,375.0
MYC,KLF1,353.0
MYC,IFI204,215.0
MYC,SATB1,345.0
MYC,NCOA6,397.0
MYC,ZFP467,314.0
MYC,SLA2,371.0
MYC,TSHZ3,361.0
MYC,TSC22D3,209.0
MYC,CSRP3,253.0
MYC,GFI1B,181.0
MYC,ZBTB20,185.0
MYC,EYA2,277.0
MYC,EPOR,315.0
MYC,EYA1,184.0
MYC,MYCN,133.0
MYC,BATF2,128.0
MYC,ARID3B,120.0
MYC,SOX18,119.0
MYC,GATA1,113.0
NOTCH1,BUB3,1672.0
NOTCH1,PA2G4,1291.0
NOTCH1,SNAPC3,682.0
NOTCH1,GTF3C3,847.0
NOTCH1,DCP1A,435.0
NOTCH1,ZFP143,359.0
NOTCH1,RUVBL2,488.0
NOTCH1,PRDM4,494.0
NOTCH1,PLAG1,356.0
NOTCH1,XRCC3,471.0
NOTCH1,DDX20,393.0
NOTCH1,TRIB3,597.0
NOTCH1,CENPK,302.0
NOTCH1,POLR3F,414.0
NOTCH1,XPC,404.0
NOTCH1,ZDHHC13,431.0
NOTCH1,MCM4,388.0
NOTCH1,REXO4,451.0
NOTCH1,ERCC8,298.0
NOTCH1,AHCTF1,272.0
NOTCH1,HMGB2,326.0
NOTCH1,KLF6,335.0
NOTCH1,ORC2,305.0
NOTCH1,POLR1B,198.0
NOTCH1,HDAC7,242.0
NOTCH1,ZFP110,270.0
NOTCH1,MCM5,310.0
NOTCH1,HIST1H1C,258.0
NOTCH1,GTF2F1,221.0
NOTCH1,MAPK9,299.0
NOTCH1,ABL1,169.0
NOTCH1,XAB2,215.0
NOTCH1,HDAC2,299.0
NOTCH1,MIS18BP1,216.0
NOTCH1,E2F8,281.0
NOTCH1,TCF19,265.0
NOTCH1,PHB2,211.0
NOTCH1,RPA1,252.0
NOTCH1,CNOT7,285.0
NOTCH1,HDGF,265.0
NOTCH1,NFAT5,224.0
NOTCH1,SRSF1,200.0
NOTCH1,TOX4,197.0
NOTCH1,BLZF1,235.0
NOTCH1,NR3C2,250.0
NOTCH1,MED16,192.0
NOTCH1,YBX1,212.0
NOTCH1,HNRNPAB,204.0
NOTCH1,JARID2,272.0
NOTCH1,FEM1B,177.0
NOTCH1,RPA2,193.0
NOTCH1,GTF2H1,176.0
NOTCH1,XRCC6,201.0
NOTCH1,MCM6,191.0
NOTCH1,SP4,217.0
NOTCH1,GFI1,130.0
NOTCH1,ETS1,200.0
NOTCH1,RAD21,195.0
NOTCH1,TTF2,204.0
NOTCH1,ABTB1,190.0
NOTCH1,ZDHHC6,214.0
NOTCH1,RAD51,197.0
NOTCH1,SLA2,173.0
NOTCH1,TLE2,170.0
NOTCH1,MYNN,184.0
NOTCH1,ZZZ3,172.0
NOTCH1,STAT3,171.0
NOTCH1,BTG2,158.0
NOTCH1,TAF12,157.0
NOTCH1,RNF4,162.0
NOTCH1,RORC,155.0
NOTCH1,ID2,149.0
NOTCH1,SNRPB,150.0
NOTCH1,TAF1,147.0
NOTCH1,MYC,484.0
NOTCH1,NFKBIA,144.0
NOTCH1,MCM3,143.0
NOTCH1,NFE2,184.0
NOTCH1,NFXL1,175.0
NOTCH1,NRF1,172.0
NOTCH1,TOPORS,129.0
NOTCH1,SMARCA2,124.0
NOTCH1,AFF4,121.0
NOTCH1,GTF2E1,131.0
NOTCH1,ELP2,116.0
NOTCH1,PWP1,113.0
NOTCH1,WDR5,125.0
NOTCH1,H1F0,192.0
NOTCH1,REL,187.0
NOTCH1,POLR2B,174.0
NOTCH1,EYA1,172.0
NOTCH1,NDN,166.0
NOTCH1,FOXO1,159.0
NOTCH1,SMAD2,159.0
NOTCH1,ZKSCAN6,135.0
NOTCH1,RARB,125.0
NOTCH1,IRF8,122.0
NOTCH1,PRDM5,115.0
NOTCH1,TCF12,114.0
NOTCH1,CREB5,109.0
NOTCH1,KDM6A,107.0
NOTCH1,RNF19A,101.0
NOTCH1,EBF1,429.0
NR4A1,ZZZ3,855.0
NR4A1,TCF12,747.0
NR4A1,TLR4,749.0
NR4A1,CBX7,482.0
NR4A1,ABTB1,862.0
NR4A1,SPI1,716.0
NR4A1,XPC,337.0
NR4A1,BTG2,327.0
NR4A1,CNOT7,384.0
NR4A1,NFE2,522.0
NR4A1,MECOM,304.0
NR4A1,SPO11,317.0
NR4A1,DDX20,343.0
NR4A1,PHB2,400.0
NR4A1,SALL2,354.0
NR4A1,XAB2,295.0
NR4A1,NUPR1,230.0
NR4A1,FOS,164.0
NR4A1,DDX58,215.0
NR4A1,MIS18BP1,121.0
NR4A1,GFI1B,195.0
NR4A1,HDAC7,167.0
NR4A1,GTF2F1,221.0
NR4A1,ZDHHC13,171.0
NR4A1,GTF2H1,173.0
NR4A1,IRF5,290.0
NR4A1,HDGF,188.0
NR4A1,RELB,280.0
NR4A1,XRCC5,140.0
NR4A1,PRDM4,236.0
NR4A1,REL,118.0
NR4A1,PHF10,120.0
NR4A1,CREB5,231.0
NR4A1,MED16,157.0
NR4A1,POLR3F,152.0
NR4A1,AHCTF1,145.0
NR4A1,RNF4,218.0
NR4A1,SP4,215.0
NR4A1,RUVBL2,215.0
NR4A1,POLR2B,110.0
NR4A1,NFE2L2,197.0
NR4A1,STAT3,190.0
NR4A1,TCF19,180.0
NR4A1,REXO4,180.0
NR4A1,HDAC9,177.0
NR4A1,BLZF1,175.0
NR4A1,XRCC6,173.0
NR4A1,NR2C1,171.0
NR4A1,SLA2,166.0
NR4A1,ZKSCAN6,165.0
NR4A1,NR3C2,165.0
NR4A1,CBFB,164.0
NR4A1,EBF1,161.0
NR4A1,DCP1A,157.0
NR4A1,TSHZ3,152.0
NR4A1,IFI204,152.0
NR4A1,NFKBIA,151.0
NR4A1,CITED4,151.0
NR4A1,SMARCA2,146.0
NR4A1,WDR5,144.0
NR4A1,PA2G4,142.0
NR4A1,E2F8,139.0
NR4A1,IRF1,138.0
NR4A1,HCLS1,133.0
NR4A1,ZKSCAN17,129.0
NR4A1,SNRPB,122.0
NR4A1,ELL2,122.0
NR4A1,GTF3C3,115.0
NR4A1,NFXL1,113.0
NR4A1,ARID3B,113.0
NR4A1,SRSF1,112.0
NR4A1,RAD51,110.0
NR4A1,TOPORS,108.0
NR4A1,RPA2,107.0
NR4A1,E2F6,107.0
NR4A1,TOX4,105.0
NR4A1,RB1,104.0
NR4A1,ORC2,103.0
NR4A1,IRF6,101.0
RAD21,DDX20,3689.0
RAD21,MCM5,3362.0
RAD21,MYCN,3111.0
RAD21,TRIB3,2653.0
RAD21,GFI1B,2449.0
RAD21,TSC22D3,2363.0
RAD21,ZZZ3,1928.0
RAD21,ELF4,2486.0
RAD21,JUN,2162.0
RAD21,EGR1,1825.0
RAD21,NR2C1,1672.0
RAD21,MIS18BP1,1603.0
RAD21,RUNX2,1296.0
RAD21,KLF1,2894.0
RAD21,ETS1,1424.0
RAD21,TOX4,1227.0
RAD21,KLF6,1281.0
RAD21,SMARCA2,1138.0
RAD21,RUVBL2,1243.0
RAD21,ELL2,1290.0
RAD21,MYC,795.0
RAD21,NFATC1,1276.0
RAD21,FEM1B,1263.0
RAD21,SATB1,1595.0
RAD21,EYA2,1230.0
RAD21,ABTB1,1121.0
RAD21,TCF12,1138.0
RAD21,XRCC5,699.0
RAD21,ESR1,1117.0
RAD21,HCLS1,899.0
RAD21,KLF3,931.0
RAD21,MECOM,703.0
RAD21,IRF1,961.0
RAD21,NFKBIA,1210.0
RAD21,ZEB2,516.0
RAD21,WDR5,543.0
RAD21,NFAT5,571.0
RAD21,GTF3C3,532.0
RAD21,RAI14,856.0
RAD21,ZFP592,603.0
RAD21,NFE2,2237.0
RAD21,AFF4,886.0
RAD21,NOTCH1,837.0
RAD21,MAPK9,576.0
RAD21,IKZF1,958.0
RAD21,NFE2L2,637.0
RAD21,AHCTF1,579.0
RAD21,REL,571.0
RAD21,BTG2,743.0
RAD21,MXD3,1041.0
RAD21,RNF19A,750.0
RAD21,DEK,598.0
RAD21,SP4,502.0
RAD21,ZDHHC6,554.0
RAD21,VHL,669.0
RAD21,DCP1A,821.0
RAD21,EYA1,627.0
RAD21,POLR1B,574.0
RAD21,PRDM16,553.0
RAD21,AHR,838.0
RAD21,ZBTB10,646.0
RAD21,NRF1,577.0
RAD21,XRCC6,701.0
RAD21,MAPK1,454.0
RAD21,TLR4,768.0
RAD21,RB1,450.0
RAD21,ZFP143,585.0
RAD21,ZDHHC13,383.0
RAD21,MEF2C,731.0
RAD21,THRB,516.0
RAD21,RARB,676.0
RAD21,IRF8,883.0
RAD21,TRPS1,538.0
RAD21,CNOT7,508.0
RAD21,BMI1,647.0
RAD21,ZFP110,392.0
RAD21,RPA1,416.0
RAD21,JARID2,814.0
RAD21,PHF10,895.0
RAD21,PWP1,691.0
RAD21,SMAD2,547.0
RAD21,ABL1,568.0
RAD21,FOS,415.0
RAD21,EPAS1,634.0
RAD21,GTF2H1,346.0
RAD21,HDAC2,323.0
RAD21,FOXO1,458.0
RAD21,IRF5,1078.0
RAD21,RPA2,576.0
RAD21,REXO4,452.0
RAD21,TTF1,350.0
RAD21,TOPORS,443.0
RAD21,STAT3,401.0
RAD21,ZKSCAN6,510.0
RAD21,SNRPB,336.0
RAD21,MCM6,346.0
RAD21,RORA,355.0
RAD21,CBFB,507.0
RAD21,GFI1,536.0
RAD21,HNRNPAB,427.0
RAD21,PRDM4,369.0
RAD21,CREB5,867.0
RAD21,NR4A1,457.0
RAD21,KDM6A,597.0
RAD21,NFATC2,968.0
RAD21,POLR2B,445.0
RAD21,TAF12,488.0
RAD21,ELP2,627.0
RAD21,HDAC7,388.0
RAD21,NFXL1,410.0
RAD21,POLR3F,375.0
RAD21,RUNX1T1,690.0
RAD21,HIST1H1C,464.0
RAD21,ZFP30,385.0
RAD21,PA2G4,602.0
RAD21,SNAPC3,463.0
RAD21,RELB,336.0
RAD21,GTF2F1,604.0
RAD21,MCM7,399.0
RAD21,ZFP467,445.0
RAD21,XAB2,418.0
RAD21,E2F6,279.0
RAD21,HDGF,533.0
RAD21,PHB2,901.0
RAD21,XPC,519.0
RAD21,CENPK,314.0
RAD21,SRSF1,222.0
RAD21,MYNN,505.0
RAD21,ORC2,314.0
RAD21,ID2,358.0
RAD21,GTF2E1,324.0
RAD21,HLF,471.0
RAD21,MCM3,250.0
RAD21,CTR9,352.0
RAD21,MCM4,220.0
RAD21,BTAF1,367.0
RAD21,IFI204,647.0
RAD21,ZSCAN21,327.0
RAD21,NFIA,310.0
RAD21,RNF4,285.0
RAD21,E2F4,827.0
RAD21,EPOR,533.0
RAD21,MED16,233.0
RAD21,XRCC3,242.0
RAD21,PBX1,211.0
RAD21,HDAC9,382.0
RAD21,APBB1,347.0
RAD21,ZBTB43,270.0
RAD21,SPO11,295.0
RAD21,H1F0,373.0
RAD21,HMGB2,274.0
RAD21,PLAG1,323.0
RAD21,RAD51,268.0
RAD21,BLZF1,243.0
RAD21,E2F8,723.0
RAD21,PRDM5,256.0
RAD21,ZBTB20,233.0
RAD21,EBF1,307.0
RAD21,LMO4,241.0
RAD21,SPI1,606.0
RAD21,TEAD3,251.0
RAD21,SOX6,350.0
RAD21,BUB3,333.0
RAD21,YBX1,178.0
RAD21,GATA2,572.0
RAD21,MEIS1,311.0
RAD21,ZKSCAN17,187.0
RAD21,MAPK12,207.0
RAD21,PPARGC1A,238.0
RAD21,TEAD2,200.0
RAD21,DDX58,270.0
RAD21,ZFP275,247.0
RAD21,CBX7,498.0
RAD21,MYB,200.0
RAD21,CITED4,276.0
RAD21,VDR,292.0
RAD21,SOX18,217.0
RAD21,GLIS2,150.0
RAD21,HDAC11,291.0
RAD21,HNF4A,398.0
RAD21,ERCC8,166.0
RAD21,IRF6,392.0
RAD21,ELP3,355.0
RAD21,TLE2,200.0
RAD21,HCFC1,150.0
RAD21,NUPR1,314.0
RAD21,ARID3B,251.0
RAD21,BATF2,594.0
RAD21,MCM2,276.0
RAD21,PML,197.0
RAD21,NR3C2,348.0
RAD21,CSRP3,173.0
RAD21,NDN,118.0
RAD21,SALL2,139.0
RAD21,TSHZ3,139.0
RAD21,TCF19,200.0
RAD21,RORC,161.0
RAD21,ZFP36,131.0
RAD21,SLA2,131.0
RAD21,TTF2,106.0
RAD21,GATA1,141.0
RAD51,NRF1,407.0
RAD51,HDGF,115.0
RAD51,DCP1A,168.0
RAD51,GTF3C3,134.0
RAD51,ELP2,133.0
RPA1,HDGF,146.0
RPA1,TAF1,193.0
RPA1,EBF1,192.0
RPA1,BUB3,120.0
RPA2,EGR1,191.0
SATB1,STAT3,874.0
SATB1,DCP1A,845.0
SATB1,DDX20,670.0
SATB1,SMARCA2,1072.0
SATB1,TOX4,492.0
SATB1,MIS18BP1,512.0
SATB1,NFAT5,550.0
SATB1,BLZF1,739.0
SATB1,XRCC5,581.0
SATB1,SNRPB,897.0
SATB1,RUVBL2,400.0
SATB1,MYNN,426.0
SATB1,SRSF1,389.0
SATB1,REXO4,391.0
SATB1,FEM1B,321.0
SATB1,ZFP143,317.0
SATB1,GFI1,319.0
SATB1,POLR3F,371.0
SATB1,MCM7,368.0
SATB1,AHCTF1,375.0
SATB1,TTF1,559.0
SATB1,EYA2,271.0
SATB1,RELB,320.0
SATB1,RAD21,564.0
SATB1,XPC,260.0
SATB1,E2F4,301.0
SATB1,TCF12,272.0
SATB1,NFXL1,334.0
SATB1,ABTB1,240.0
SATB1,ZBTB20,326.0
SATB1,ZDHHC6,356.0
SATB1,GTF3C3,337.0
SATB1,GTF2F1,347.0
SATB1,PRDM4,251.0
SATB1,MCM4,216.0
SATB1,MAPK9,297.0
SATB1,ZZZ3,209.0
SATB1,HIST1H1C,193.0
SATB1,TRPS1,219.0
SATB1,MED16,223.0
SATB1,WDR5,331.0
SATB1,PA2G4,430.0
SATB1,GTF2E1,288.0
SATB1,MYC,1062.0
SATB1,PHB2,199.0
SATB1,AFF4,185.0
SATB1,SLA2,245.0
SATB1,ZBTB10,271.0
SATB1,XAB2,340.0
SATB1,ZSCAN21,141.0
SATB1,POLR1B,316.0
SATB1,NFE2,471.0
SATB1,ZFP110,267.0
SATB1,MCM3,182.0
SATB1,RORA,354.0
SATB1,MAPK1,193.0
SATB1,CBFB,156.0
SATB1,TOPORS,336.0
SATB1,SP4,219.0
SATB1,ELP3,231.0
SATB1,RORC,219.0
SATB1,FOS,150.0
SATB1,RNF19A,343.0
SATB1,CTR9,188.0
SATB1,HCLS1,263.0
SATB1,HDAC7,197.0
SATB1,JARID2,258.0
SATB1,HMGB2,162.0
SATB1,CENPK,241.0
SATB1,TLR4,494.0
SATB1,ELP2,166.0
SATB1,HDAC2,192.0
SATB1,RB1,183.0
SATB1,NFE2L2,221.0
SATB1,JUN,217.0
SATB1,GTF2H1,152.0
SATB1,HDGF,292.0
SATB1,IFI204,303.0
SATB1,NR2C1,219.0
SATB1,CBX7,233.0
SATB1,NFKBIA,128.0
SATB1,CSRP3,251.0
SATB1,POLR2B,219.0
SATB1,NFATC1,116.0
SATB1,RPA2,164.0
SATB1,MCM5,175.0
SATB1,IRF1,224.0
SATB1,MXD3,308.0
SATB1,TCF19,240.0
SATB1,ZKSCAN17,112.0
SATB1,EGR1,123.0
SATB1,BTG2,164.0
SATB1,REL,117.0
SATB1,XRCC6,154.0
SATB1,ESR1,146.0
SATB1,HCFC1,179.0
SATB1,ORC2,165.0
SATB1,RNF4,189.0
SATB1,ZFP467,117.0
SATB1,NFATC2,170.0
SATB1,YBX1,119.0
SATB1,ETS1,132.0
SATB1,TAF1,182.0
SATB1,ID2,306.0
SATB1,E2F8,206.0
SATB1,KLF6,206.0
SATB1,BTAF1,103.0
SATB1,DDX58,118.0
SATB1,ZBTB43,150.0
SATB1,SMAD2,138.0
SATB1,TRIB3,133.0
SATB1,DEK,146.0
SATB1,MYB,221.0
SATB1,MEF2C,221.0
SATB1,BUB3,219.0
SATB1,NRF1,114.0
SATB1,MYCN,103.0
SATB1,NR4A1,101.0
SATB1,RAD51,102.0
SATB1,MCM6,146.0
SATB1,RPA1,143.0
SATB1,IRF5,134.0
SATB1,HNRNPAB,134.0
SATB1,ZFP275,127.0
SATB1,ZKSCAN6,126.0
SATB1,E2F6,115.0
SATB1,CNOT7,115.0
SATB1,BMI1,114.0
SATB1,IKZF1,113.0
SATB1,ARID3B,112.0
SATB1,KDM6A,102.0
SPI1,TLR4,3437.0
SPI1,E2F8,3663.0
SPI1,HCLS1,2558.0
SPI1,CBFB,2322.0
SPI1,XRCC6,3019.0
SPI1,REL,2301.0
SPI1,ELP2,2602.0
SPI1,MIS18BP1,2787.0
SPI1,GFI1B,3175.0
SPI1,E2F4,2677.0
SPI1,PA2G4,2536.0
SPI1,DDX20,2398.0
SPI1,ELP3,2439.0
SPI1,RELB,2470.0
SPI1,HMGB2,2253.0
SPI1,PML,1954.0
SPI1,SRSF1,2817.0
SPI1,POLR2B,2438.0
SPI1,TRPS1,2934.0
SPI1,TOX4,2709.0
SPI1,ID2,2607.0
SPI1,ZEB2,2047.0
SPI1,MCM7,2516.0
SPI1,BUB3,2566.0
SPI1,RNF4,2590.0
SPI1,RAD21,2611.0
SPI1,FOS,1958.0
SPI1,TCF12,2124.0
SPI1,NFE2,2246.0
SPI1,GTF2H1,2870.0
SPI1,ZKSCAN6,2255.0
SPI1,PHF10,2135.0
SPI1,IKZF1,2610.0
SPI1,DCP1A,2621.0
SPI1,SMARCA2,2477.0
SPI1,DEK,3017.0
SPI1,ABL1,2068.0
SPI1,RAD51,2183.0
SPI1,PHB2,1604.0
SPI1,MCM4,2492.0
SPI1,XAB2,1777.0
SPI1,CREB5,1853.0
SPI1,CENPK,1652.0
SPI1,NFAT5,2198.0
SPI1,NRF1,2075.0
SPI1,XPC,1533.0
SPI1,NFATC2,1731.0
SPI1,CNOT7,1972.0
SPI1,RORA,1867.0
SPI1,BLZF1,1333.0
SPI1,IRF5,1765.0
SPI1,ZZZ3,1722.0
SPI1,HIST1H1C,2256.0
SPI1,NFE2L2,1690.0
SPI1,ZBTB43,2378.0
SPI1,HCFC1,1403.0
SPI1,ZDHHC13,1588.0
SPI1,NFKBIA,1951.0
SPI1,MEF2C,2845.0
SPI1,JARID2,1329.0
SPI1,ARID3B,2093.0
SPI1,ZFP110,2326.0
SPI1,XRCC5,2553.0
SPI1,BTG2,1589.0
SPI1,GFI1,1133.0
SPI1,LMO4,1328.0
SPI1,MAPK1,1624.0
SPI1,MCM2,1046.0
SPI1,STAT3,925.0
SPI1,TOPORS,1086.0
SPI1,SP4,1130.0
SPI1,PWP1,1231.0
SPI1,ABTB1,1043.0
SPI1,VDR,1558.0
SPI1,RPA2,1295.0
SPI1,POLR1B,1321.0
SPI1,EPAS1,1145.0
SPI1,SNRPB,1232.0
SPI1,MCM3,1023.0
SPI1,RNF19A,1744.0
SPI1,ESR1,1799.0
SPI1,ZFP275,1756.0
SPI1,MED16,864.0
SPI1,RUVBL2,1810.0
SPI1,MCM6,1680.0
SPI1,IRF1,2041.0
SPI1,SATB1,1883.0
SPI1,BATF2,1927.0
SPI1,REXO4,1241.0
SPI1,HDAC2,1007.0
SPI1,TTF1,1045.0
SPI1,RB1,995.0
SPI1,GTF2F1,849.0
SPI1,GTF2E1,1044.0
SPI1,FEM1B,1283.0
SPI1,TSHZ3,2217.0
SPI1,ZFP467,1051.0
SPI1,MXD3,1080.0
SPI1,ORC2,811.0
SPI1,MYNN,1236.0
SPI1,TTF2,1431.0
SPI1,SLA2,2358.0
SPI1,ELF4,793.0
SPI1,ZDHHC6,910.0
SPI1,WDR5,1200.0
SPI1,MCM5,749.0
SPI1,AHCTF1,1028.0
SPI1,IKZF2,962.0
SPI1,ETS1,974.0
SPI1,NR2C1,820.0
SPI1,NFXL1,749.0
SPI1,ZFP143,491.0
SPI1,EYA2,1235.0
SPI1,MEIS1,774.0
SPI1,RARB,1088.0
SPI1,HNRNPAB,789.0
SPI1,TAF12,873.0
SPI1,HDGF,782.0
SPI1,SMAD2,901.0
SPI1,ZKSCAN17,752.0
SPI1,KLF3,1018.0
SPI1,TCF19,709.0
SPI1,CTR9,998.0
SPI1,MYB,1231.0
SPI1,ZSCAN21,1080.0
SPI1,ERCC8,847.0
SPI1,TRIB3,1353.0
SPI1,YBX1,722.0
SPI1,PRDM4,434.0
SPI1,TAF1,523.0
SPI1,EGR1,1003.0
SPI1,PBX1,696.0
SPI1,PLAG1,722.0
SPI1,MAPK9,966.0
SPI1,GTF3C3,744.0
SPI1,ZFP592,1110.0
SPI1,IFI204,456.0
SPI1,POLR3F,432.0
SPI1,NR3C2,1026.0
SPI1,EYA1,1082.0
SPI1,TSC22D3,559.0
SPI1,NFATC1,620.0
SPI1,RAI14,584.0
SPI1,ZFP36,641.0
SPI1,VHL,539.0
SPI1,NR4A1,1152.0
SPI1,JUN,539.0
SPI1,KLF6,1207.0
SPI1,PGR,2106.0
SPI1,BTAF1,598.0
SPI1,SNAPC3,388.0
SPI1,AFF4,899.0
SPI1,RUNX2,333.0
SPI1,GATA2,1581.0
SPI1,IRF8,702.0
SPI1,HDAC7,537.0
SPI1,NUPR1,461.0
SPI1,NDN,1585.0
SPI1,RPA1,376.0
SPI1,ZBTB20,1126.0
SPI1,KDM6A,392.0
SPI1,HDAC9,581.0
SPI1,GLIS2,434.0
SPI1,THRB,786.0
SPI1,DDX58,493.0
SPI1,MYC,321.0
SPI1,ELL2,637.0
SPI1,AHR,495.0
SPI1,CBX7,483.0
SPI1,EPOR,1099.0
SPI1,MECOM,266.0
SPI1,PRDM5,368.0
SPI1,H1F0,356.0
SPI1,SPO11,772.0
SPI1,APBB1,506.0
SPI1,ZBTB10,411.0
SPI1,EBF1,347.0
SPI1,XRCC3,226.0
SPI1,LZTS1,861.0
SPI1,E2F6,455.0
SPI1,SOX6,301.0
SPI1,TEAD3,317.0
SPI1,HNF4A,445.0
SPI1,FOXO1,195.0
SPI1,BMI1,194.0
SPI1,NOTCH1,170.0
SPI1,ZFP30,193.0
SPI1,SALL2,373.0
SPI1,KLF1,454.0
SPI1,HOXA9,497.0
SPI1,TEAD2,391.0
SPI1,MYCN,226.0
SPI1,IRF6,176.0
SPI1,CITED4,184.0
SPI1,RORC,219.0
SPI1,NFIA,213.0
SPI1,CSRP3,196.0
SPI1,RUNX1T1,173.0
SPI1,HDAC11,117.0
STAT3,FOS,2919.0
STAT3,IRF1,2044.0
STAT3,NFKBIA,1693.0
STAT3,BTG2,1471.0
STAT3,NFXL1,2050.0
STAT3,XRCC6,1762.0
STAT3,RELB,1608.0
STAT3,NFAT5,1202.0
STAT3,JUN,1127.0
STAT3,IRF8,1402.0
STAT3,HDAC7,2100.0
STAT3,HIST1H1C,1093.0
STAT3,ID2,1250.0
STAT3,NUPR1,2078.0
STAT3,GTF2F1,1812.0
STAT3,PA2G4,1105.0
STAT3,MCM4,1034.0
STAT3,TOPORS,998.0
STAT3,AFF4,1114.0
STAT3,KLF6,1041.0
STAT3,XRCC5,670.0
STAT3,MYC,727.0
STAT3,ZFP36,1075.0
STAT3,PRDM4,1475.0
STAT3,NFE2L2,806.0
STAT3,FOXO1,706.0
STAT3,REL,1236.0
STAT3,DCP1A,1035.0
STAT3,MYNN,707.0
STAT3,CITED4,879.0
STAT3,SRSF1,616.0
STAT3,SATB1,864.0
STAT3,HMGB2,1214.0
STAT3,ZDHHC13,617.0
STAT3,GTF3C3,688.0
STAT3,SNAPC3,504.0
STAT3,ELL2,884.0
STAT3,ZZZ3,681.0
STAT3,FEM1B,718.0
STAT3,HNRNPAB,568.0
STAT3,REXO4,480.0
STAT3,IFI204,565.0
STAT3,GTF2E1,689.0
STAT3,RPA2,1102.0
STAT3,NR3C2,865.0
STAT3,H1F0,470.0
STAT3,CENPK,517.0
STAT3,TOX4,456.0
STAT3,LMO4,824.0
STAT3,RNF19A,477.0
STAT3,DDX20,545.0
STAT3,RNF4,466.0
STAT3,RORA,646.0
STAT3,ZBTB20,408.0
STAT3,MCM6,650.0
STAT3,JARID2,920.0
STAT3,EYA2,614.0
STAT3,MAPK1,557.0
STAT3,MIS18BP1,750.0
STAT3,KDM6A,472.0
STAT3,PBX1,853.0
STAT3,PLAG1,556.0
STAT3,POLR1B,510.0
STAT3,HDGF,377.0
STAT3,NRF1,512.0
STAT3,AHCTF1,463.0
STAT3,ABL1,553.0
STAT3,IKZF1,428.0
STAT3,SOX6,438.0
STAT3,ZEB2,1059.0
STAT3,ELP3,522.0
STAT3,GFI1,516.0
STAT3,MYCN,416.0
STAT3,POLR2B,469.0
STAT3,SMARCA2,534.0
STAT3,RUVBL2,335.0
STAT3,SNRPB,511.0
STAT3,ABTB1,280.0
STAT3,ELP2,236.0
STAT3,ZSCAN21,324.0
STAT3,YBX1,430.0
STAT3,TRIB3,430.0
STAT3,NOTCH1,401.0
STAT3,BTAF1,320.0
STAT3,MXD3,487.0
STAT3,CBFB,397.0
STAT3,TCF12,367.0
STAT3,IRF6,520.0
STAT3,ZFP143,279.0
STAT3,VDR,348.0
STAT3,EPAS1,483.0
STAT3,TAF12,277.0
STAT3,RUNX2,622.0
STAT3,WDR5,290.0
STAT3,MCM2,606.0
STAT3,NFATC2,605.0
STAT3,EBF1,584.0
STAT3,DDX58,369.0
STAT3,XPC,364.0
STAT3,ZDHHC6,360.0
STAT3,TTF1,372.0
STAT3,ETS1,275.0
STAT3,TLR4,485.0
STAT3,SP4,393.0
STAT3,NR4A1,306.0
STAT3,GTF2H1,448.0
STAT3,NR2C1,310.0
STAT3,TRPS1,233.0
STAT3,SLA2,472.0
STAT3,PML,317.0
STAT3,PHB2,316.0
STAT3,HDAC2,238.0
STAT3,CTR9,253.0
STAT3,MAPK9,464.0
STAT3,CNOT7,279.0
STAT3,TEAD3,626.0
STAT3,ZKSCAN17,391.0
STAT3,MEIS1,244.0
STAT3,MED16,592.0
STAT3,RAD21,205.0
STAT3,ZFP110,281.0
STAT3,ZBTB43,179.0
STAT3,APBB1,213.0
STAT3,HCLS1,576.0
STAT3,MCM7,197.0
STAT3,MCM3,331.0
STAT3,ZBTB10,290.0
STAT3,POLR3F,273.0
STAT3,ORC2,307.0
STAT3,ZFP467,171.0
STAT3,MEF2C,274.0
STAT3,KLF3,191.0
STAT3,ZKSCAN6,218.0
STAT3,TCF19,243.0
STAT3,MCM5,509.0
STAT3,RPA1,464.0
STAT3,NFATC1,214.0
STAT3,RUNX1T1,561.0
STAT3,RARB,386.0
STAT3,VHL,165.0
STAT3,XAB2,204.0
STAT3,DEK,276.0
STAT3,E2F4,217.0
STAT3,RAD51,191.0
STAT3,HNF4A,607.0
STAT3,PPARGC1A,416.0
STAT3,AHR,256.0
STAT3,TTF2,180.0
STAT3,PWP1,169.0
STAT3,MAPK12,259.0
STAT3,NFE2,229.0
STAT3,BLZF1,226.0
STAT3,E2F8,130.0
STAT3,BUB3,176.0
STAT3,ERCC8,178.0
STAT3,ZFP275,181.0
STAT3,CBX7,165.0
STAT3,HLF,161.0
STAT3,IKZF2,383.0
STAT3,THRB,157.0
STAT3,RB1,222.0
STAT3,EPOR,213.0
STAT3,SMAD2,252.0
STAT3,SALL2,154.0
STAT3,TAF1,135.0
STAT3,PRDM5,138.0
STAT3,HDAC9,250.0
STAT3,IRF5,129.0
STAT3,E2F6,121.0
STAT3,PHF10,120.0
STAT3,TLE2,208.0
STAT3,CSRP3,179.0
STAT3,SOX18,170.0
STAT3,CREB5,166.0
STAT3,ESR1,119.0
STAT3,BMI1,110.0
STAT3,HCFC1,107.0
STAT3,HDAC11,103.0
STAT3,NDN,451.0
WDR5,SNRPB,2655.0
WDR5,MCM3,2858.0
WDR5,XRCC3,2814.0
WDR5,XAB2,2632.0
WDR5,RPA2,2610.0
WDR5,TCF19,1854.0
WDR5,RUVBL2,2293.0
WDR5,ZFP143,2253.0
WDR5,MCM5,2194.0
WDR5,DCP1A,1664.0
WDR5,YBX1,2018.0
WDR5,NFXL1,2024.0
WDR5,PHB2,1972.0
WDR5,PLAG1,1943.0
WDR5,PRDM4,1890.0
WDR5,RNF4,1879.0
WDR5,REXO4,1598.0
WDR5,ABL1,2027.0
WDR5,SNAPC3,1771.0
WDR5,BLZF1,1777.0
WDR5,TOX4,1940.0
WDR5,POLR1B,1797.0
WDR5,ORC2,1764.0
WDR5,RAD51,1763.0
WDR5,BUB3,1679.0
WDR5,GTF2E1,1654.0
WDR5,MIS18BP1,1614.0
WDR5,HNRNPAB,1284.0
WDR5,TAF1,1430.0
WDR5,PA2G4,1647.0
WDR5,TTF2,1424.0
WDR5,HDGF,1103.0
WDR5,SP4,1500.0
WDR5,RAD21,1341.0
WDR5,SMARCA2,1265.0
WDR5,E2F8,1399.0
WDR5,POLR3F,1131.0
WDR5,ZFP110,1204.0
WDR5,MYNN,1189.0
WDR5,GTF2F1,1338.0
WDR5,KLF6,1144.0
WDR5,CENPK,1256.0
WDR5,JUN,1126.0
WDR5,ZBTB43,1191.0
WDR5,ZDHHC6,886.0
WDR5,MCM4,1029.0
WDR5,MCM7,1038.0
WDR5,TTF1,1098.0
WDR5,AHCTF1,1101.0
WDR5,HMGB2,1240.0
WDR5,STAT3,1153.0
WDR5,HDAC2,388.0
WDR5,PWP1,491.0
WDR5,DDX20,884.0
WDR5,ID2,1005.0
WDR5,IRF8,981.0
WDR5,CTR9,964.0
WDR5,ABTB1,927.0
WDR5,ZBTB10,1036.0
WDR5,E2F4,920.0
WDR5,HIST1H1C,901.0
WDR5,SRSF1,675.0
WDR5,ERCC8,838.0
WDR5,GTF2H1,789.0
WDR5,ELL2,942.0
WDR5,FOXO1,879.0
WDR5,GTF3C3,509.0
WDR5,MAPK9,921.0
WDR5,RPA1,761.0
WDR5,MCM6,733.0
WDR5,MED16,624.0
WDR5,XPC,949.0
WDR5,XRCC5,699.0
WDR5,MEF2C,1171.0
WDR5,KDM6A,608.0
WDR5,ZDHHC13,645.0
WDR5,TAF12,649.0
WDR5,FOS,599.0
WDR5,NFAT5,629.0
WDR5,ZSCAN21,680.0
WDR5,POLR2B,628.0
WDR5,E2F6,282.0
WDR5,TLR4,579.0
WDR5,ZKSCAN17,337.0
WDR5,REL,498.0
WDR5,ELP3,503.0
WDR5,JARID2,590.0
WDR5,BTAF1,445.0
WDR5,ZZZ3,573.0
WDR5,GFI1B,478.0
WDR5,TOPORS,431.0
WDR5,ELP2,538.0
WDR5,HCLS1,421.0
WDR5,HDAC9,386.0
WDR5,FEM1B,443.0
WDR5,MAPK1,383.0
WDR5,XRCC6,399.0
WDR5,SPI1,453.0
WDR5,LMO4,372.0
WDR5,NOTCH1,458.0
WDR5,ZEB2,410.0
WDR5,NR4A1,430.0
WDR5,BTG2,315.0
WDR5,ZBTB20,415.0
WDR5,SMAD2,326.0
WDR5,MXD3,350.0
WDR5,MYCN,300.0
WDR5,RELB,356.0
WDR5,MCM2,337.0
WDR5,ZKSCAN6,277.0
WDR5,NFKBIA,263.0
WDR5,NFE2L2,189.0
WDR5,CBFB,291.0
WDR5,TCF12,251.0
WDR5,NRF1,246.0
WDR5,VHL,260.0
WDR5,IRF1,279.0
WDR5,HCFC1,218.0
WDR5,ESR1,199.0
WDR5,ETS1,253.0
WDR5,NFATC2,204.0
WDR5,ARID3B,362.0
WDR5,ZFP36,191.0
WDR5,EYA2,243.0
WDR5,CNOT7,183.0
WDR5,IRF5,224.0
WDR5,EBF1,186.0
WDR5,DEK,164.0
WDR5,RB1,183.0
WDR5,PRDM5,140.0
WDR5,NR2C1,243.0
WDR5,NFE2,131.0
WDR5,EPAS1,115.0
WDR5,DDX58,129.0
WDR5,GFI1,212.0
WDR5,NR3C2,199.0
WDR5,SATB1,197.0
WDR5,RNF19A,168.0
WDR5,TRIB3,155.0
WDR5,AFF4,142.0
WDR5,ZFP275,138.0
WDR5,IKZF1,123.0
WDR5,CBX7,117.0
