TF,Target
AR,SQSTM1
AR,HMOX1
AR,EIF3J
AR,PABPC4
AR,DNALI1
AR,SF3A3
AR,PSMD5
AR,TRIT1
AR,NANS
AR,SLC35A3
AR,SLC35D1
AR,UROD
AR,TXNRD1
AR,TRIM52
AR,PTCH1
AR,E2F3
AR,OGFRL1
AR,CDC25A
AR,MMP10
AR,LGALS8
AR,ATG101
AR,CSRP2
AR,ANP32B
AR,MCUR1
AR,MTF1
AR,STT3A
AR,DUS2
AR,NIPAL3
AR,JUN
AR,HSPA9
AR,MMP3
AR,DRAP1
AR,MAGOH
AR,ZMPSTE24
AR,DYNC1LI2
AR,TACC2
AR,CNTN1
AR,FTH1
AR,UBTF
AR,TFPI2
AR,DUSP1
AR,LIMK1
AR,ATP6V0D1
AR,NMT1
AR,ZFAND3
AR,PSMB2
AR,NPL
AR,INHBE
AR,REXO2
AR,ALAS1
AR,ENAH
AR,ATXN2
AR,HSPA5
AR,ZNF148
AR,TDP2
AR,EFNA5
AR,DHDDS
AR,RAB36
AR,ZFP69B
AR,FJX1
AR,TNPO3
AR,P3H2
AR,IGF2BP3
AR,PLAA
AR,TSR3
AR,ISG20
AR,MOSPD1
AR,GSR
AR,VPREB3
AR,CARTPT
AR,HECA
AR,CHORDC1
AR,PI4K2A
AR,ABL2
AR,AIFM1
AR,RIMS2
AR,GLRX2
AR,ZBTB7B
AR,PCDH9
AR,POU2F1
AR,DDX41
AR,BRD2
AR,NECAP2
AR,MLLT11
AR,CAPN15
AR,NUP214
AR,KLHL18
AR,IGHMBP2
AR,TIMM22
AR,RBM8A
AR,GCLC
AR,MLLT3
AR,KPNA6
AR,DDX19A
AR,DLC1
AR,ABCC4
AR,LRRC47
AR,SUPV3L1
AR,HECTD3
AR,RLF
AR,LRRFIP2
AR,IFT74
AR,DNAJA3
AR,EIF3A
AR,COQ4
AR,ATP1B1
AR,JMJD4
AR,APBB2
AR,PLEKHH3
AR,INCENP
AR,MRPS15
AR,FZD1
AR,GAR1
AR,ETFDH
AR,ORC1
AR,FOS
AR,FEN1
AR,PFKM
AR,UBE2J1
AR,NEAT1
AR,TRIM2
AR,WBP4
AR,TPD52
AR,PPIB
AR,SCNM1
AR,CAMSAP2
AR,ZNF3
AR,RUNX1T1
AR,EXO5
AR,LSG1
AR,SART1
AR,RALA
AR,NOP16
AR,CORO1A
AR,TAX1BP1
AR,CAB39L
AR,CDCA8
AR,TUFT1
AR,TPD52L1
AR,YRDC
AR,RAD54L
AR,GAPVD1
AR,DNAJC2
AR,KLHL24
AR,HSP90AB1
AR,PURA
AR,SCRT1
AR,EXT1
AR,GON4L
AR,FGD6
AR,SNAP29
AR,RTF1
AR,BBX
AR,GPKOW
AR,ARPC4
AR,RANGAP1
AR,NES
AR,SNTB2
AR,PUM1
AR,TRABD
AR,TRMT61A
AR,DYNLT1
AR,DCAF10
AR,SLCO3A1
AR,CTPS1
AR,BAZ2A
AR,TRMU
AR,UCHL5
AR,ETV3
AR,ROBO1
AR,GRM8
AR,CRCP
AR,GTPBP2
AR,PAX5
AR,TRMT2A
AR,SNIP1
AR,RB1CC1
AR,PTDSS2
AR,PSMD11
AR,LMAN2
AR,PTPRCAP
AR,MYC
AR,PCCA
AR,C1orf35
AR,LRP8
AR,OSBPL10
AR,MAPKAPK5
AR,GUSB
AR,NUP153
AR,NDE1
AR,TBRG4
AR,NQO1
AR,BAG6
AR,MIR22HG
AR,NAA15
AR,MYBBP1A
AR,DERL2
AR,MED9
AR,ICE2
AR,ALG3
AR,ATAD3A
AR,TMEM87A
AR,AP4M1
AR,ARHGEF2
AR,WDR91
AR,SLC35C1
AR,IER5
AR,KIF22
AR,EPHA2
AR,KIAA0319L
AR,CCNO
AR,IFRD1
AR,TUFM
AR,DPAGT1
AR,DYRK3
AR,FXN
AR,TCTA
AR,TRIB1
AR,AKAP17A
AR,CCNJL
AR,UBE3B
AR,HMGCS1
AR,PRAME
AR,RABGAP1L
AR,RC3H2
AR,SLC2A1
AR,BUD31
AR,TCOF1
AR,SEPHS2
AR,SNRPD3
AR,AKAP10
AR,ZBTB43
AR,THUMPD1
AR,NEU1
AR,CCPG1
AR,UCK2
AR,PDE4D
AR,NAT10
AR,AKIRIN1
AR,TLE4
AR,TSSC4
AR,NKIRAS2
AR,YIPF6
AR,MRPL22
AR,LYRM4
AR,MED22
AR,RHBDD3
AR,PIN4
AR,LRRK1
AR,DKK1
AR,DRG2
AR,CITED2
AR,ISG20L2
AR,TXLNA
AR,ZNF268
AR,HAUS2
AR,MFAP2
AR,JMJD7
AR,PRKRIP1
AR,AURKAIP1
AR,TBL3
AR,LNPEP
AR,RBMX2
AR,RNF44
AR,MAPK1IP1L
AR,KCNMA1
AR,AHCTF1
AR,PCSK7
AR,ARFGEF1
AR,IRF9
AR,PRKAR2A
AR,CLCN7
AR,SLC38A7
AR,PEX26
AR,ERP44
AR,SLC31A1
AR,TPK1
AR,DHX16
AR,ACP2
AR,SNRPC
AR,HSDL2
AR,TBCC
AR,RSRC1
AR,RGS5
AR,EIF2B5
AR,UBFD1
AR,GTPBP4
AR,PPP2R3A
AR,HAUS3
AR,TAF11
AR,ADM
AR,KCNH2
AR,CHGA
AR,TMEM97
AR,BFAR
AR,MAPKBP1
AR,L1CAM
AR,GOSR2
AR,MICAL3
AR,PCLO
AR,DSTYK
AR,EIF2B3
AR,KRIT1
AR,SLC3A2
AR,CELF1
AR,SEC24B
AR,GTPBP1
AR,EIF2S1
AR,RAB27A
AR,ZMYND10
AR,USP3
AR,C1orf109
AR,WDR78
AR,ADIRF
AR,CYB5R1
AR,CTBP2
AR,CCNJ
AR,WTAP
AR,APOO
AR,PPIH
AR,BACE2
AR,SCGN
AR,SLC35A2
AR,DAXX
AR,DOK3
AR,CDIP1
AR,ETF1
AR,CLU
AR,KRBOX4
AR,MRM1
AR,MRPS18A
AR,KMT2A
AR,MAD2L1BP
AR,MED24
AR,DCP1A
AR,CBR1
AR,MED27
AR,BANP
AR,KDM4C
AR,PPP2CB
AR,SLC30A1
AR,MTCH1
AR,FKBP15
AR,AHCYL1
AR,EXOC2
AR,RBBP5
AR,PHF3
AR,ACO2
AR,CHCHD3
AR,STX4
AR,KLHL21
AR,CDK5RAP2
AR,FLII
AR,TMEM14B
AR,TEKT2
AR,MED8
AR,ST6GALNAC4
AR,TSR2
AR,EBNA1BP2
AR,TMCO1
AR,CYB561D2
AR,ZRSR2
AR,TBL1X
AR,CLDN16
AR,SETD2
AR,STK19
AR,ARL4A
AR,ZNF589
AR,CHD1
AR,CLTB
AR,EDNRB
AR,CAPZA1
AR,USP10
AR,NEK11
AR,DYNC1LI1
AR,GABRB3
AR,GOLM1
AR,FZD9
AR,DIP2A
AR,NDUFS6
AR,DCAF16
AR,TTC17
AR,UNG
AR,PLXNA1
AR,CHMP4A
AR,ELK4
AR,TMEM11
AR,BRMS1
AR,AAGAB
AR,CES2
AR,SIT1
AR,RMDN3
AR,RRP15
AR,PRKCI
AR,MX1
AR,KRR1
AR,SURF2
AR,DNAJC7
AR,VCP
AR,PRPF38B
AR,POLR3C
AR,GCH1
AR,TAOK3
AR,RHOT2
AR,UTP3
AR,TAF13
AR,RRM1
AR,GHITM
AR,RPS6KB2
AR,CLEC16A
AR,EPS15
AR,WDR4
AR,E4F1
AR,NUBP2
AR,NFATC3
AR,SH3BP5
AR,CSNK1E
AR,NME6
AR,DPP3
AR,SREK1IP1
AR,TMCC1
AR,ATF3
AR,NUDT4
AR,LRRC6
AR,SNX29
AR,OSGIN1
AR,NVL
AR,DAB2
AR,TOR3A
AR,PDGFA
AR,ATP2C1
AR,DNAJC17
AR,UBE3A
AR,ZNF394
AR,SEMA6A
AR,LETM1
AR,CDKN2AIP
AR,E2F2
AR,HIRA
AR,PRDX1
AR,DDX6
AR,SNAPC5
AR,SNRPA1
AR,TOR1B
AR,OAZ3
AR,MKLN1
AR,NEO1
AR,MORC2
AR,FBXO34
AR,YIPF3
AR,LRCH4
AR,NCAM1
AR,TFIP11
AR,BYSL
AR,RIPK4
AR,ELAC2
AR,FBXL6
AR,TARS2
AR,CHST2
AR,ESPL1
AR,APH1A
AR,DDX51
AR,SIRT4
AR,NDUFAF1
AR,DENND6B
AR,ITIH1
AR,CD2BP2
AR,AMBRA1
AR,STIL
AR,DHX9
AR,DDX54
AR,S100A6
AR,UBXN1
AR,MED20
AR,CSNK2B
AR,CSF1
AR,WSB1
AR,DAGLA
AR,PAFAH1B1
AR,TNPO1
AR,SMPD1
AR,TP53BP1
AR,NOC4L
AR,C17orf75
AR,KNOP1
AR,FBXW2
AR,CDC14A
AR,GDF9
AR,RBM14
AR,NUP43
AR,FGF2
AR,MRTO4
AR,BSDC1
AR,TRIM27
AR,TKT
AR,LUC7L
AR,UBR4
AR,IQCE
AR,SLCO4C1
AR,SMG7
AR,PHF14
AR,UGCG
AR,TMEM254
AR,GABPB1
AR,ZNF215
AR,TUBGCP2
AR,SOAT1
AR,RNF115
AR,ZC3H12A
AR,ACSL1
AR,CLUH
AR,BCOR
AR,CHFR
AR,INA
AR,POLR2J4
AR,DXO
AR,ZMAT5
AR,PRDM10
AR,TTC4
AR,GPR3
AR,NDUFC1
AR,LAPTM4B
AR,TYMP
AR,MAP3K11
AR,NDUFV1
AR,BRF2
AR,DERL1
AR,ZNF778
AR,RPRD2
AR,PPIL2
AR,PRPF4
AR,MFAP1
AR,EVC
AR,VPS13A
AR,NUP133
AR,SEC61A1
AR,PIM1
AR,DPP8
AR,ZDHHC14
AR,SLC25A4
AR,MDH2
AR,NGRN
AR,RIPK1
AR,DHX29
AR,CCAR2
AR,HSPH1
AR,TUBB3
AR,DHX38
AR,PSMB4
AR,SH3TC1
AR,GPATCH4
AR,TRPC7
AR,TXN
AR,MARK3
AR,TTC38
AR,SRSF10
AR,IGSF9B
AR,NCOA2
AR,WDR13
AR,SETD6
AR,CRBN
AR,USP27X
AR,PPP6C
AR,MARK1
AR,SPRY4
AR,PRMT7
AR,RNF8
AR,SMG7-AS1
AR,RAB30
AR,MCL1
AR,PMM2
AR,USP9X
AR,WDR45
AR,RSPH14
AR,GPN2
AR,PHTF1
AR,ENY2
AR,MCTS1
AR,RASL10A
AR,RNF187
AR,KRAS
AR,WNT11
AR,HILPDA
AR,DIABLO
AR,PARVA
AR,TOLLIP
AR,TAF1C
AR,AK1
AR,MDC1
AR,ANKHD1
AR,CLP1
AR,IPO9
AR,TXLNG
AR,BRAF
AR,C2
AR,ALDH3A2
AR,ARF1
AR,SLC12A2
AR,PEG10
AR,SPAG8
AR,CDHR2
AR,TNIP1
AR,ALDH5A1
AR,TMEM248
AR,TRIM68
AR,PRPF19
AR,GPALPP1
AR,TMEM39A
AR,FH
AR,PEX16
AR,IRF1
AR,FBXW7
AR,MRS2
AR,TSNAXIP1
AR,TPRA1
AR,IPPK
AR,NOP14
AR,CLK3
AR,RAB14
AR,EFNA4
AR,PPCDC
AR,TCF12
AR,ARPC5L
AR,TUBA1C
AR,MRPL20
AR,MIP
AR,USP8
AR,ZNF23
AR,NR4A1
AR,UMPS
AR,BSCL2
AR,PTPRK
AR,ATP6V1D
AR,AKAP9
AR,ZNF79
AR,DEF8
AR,GOLGA4
AR,PLCL2
AR,CDK16
AR,POR
AR,CMTR1
AR,TOX4
AR,ACOT13
AR,ULK4
AR,SURF1
AR,SEC13
AR,EIF4E
AR,ZNF771
AR,RPAIN
AR,LTN1
AR,ZNHIT2
AR,DDB1
AR,WDR60
AR,MUL1
AR,BMS1
AR,ATP6V1C1
AR,GRB7
AR,DGCR2
AR,NLE1
AR,KIAA0232
AR,PDZD8
AR,NF2
AR,SFPQ
AR,AP1G1
AR,COMMD9
AR,DYNC2H1
AR,CACNG2
AR,HLCS
AR,ACBD3
AR,PRUNE2
AR,POLE3
AR,SLC7A6
AR,FIS1
AR,TNC
AR,DPYSL3
AR,NDUFA4L2
AR,INPPL1
AR,HEXIM1
AR,TUBAL3
AR,SLC36A1
AR,LRRC23
AR,MYLPF
AR,RAG2
AR,FASTK
AR,ZMYM1
AR,BRPF1
AR,COQ9
AR,CFAP43
AR,BACH1
AR,RNF216
AR,LYPLA2
AR,SRP14
AR,LSM8
AR,SECISBP2
AR,ST7L
AR,TSC22D2
AR,TBC1D22A
AR,TOB2
AR,SETD5
AR,BPGM
AR,CCDC25
AR,INTS1
AR,TTI2
AR,ACTL6B
AR,WDR25
AR,IFNAR1
AR,LMTK2
AR,COPG1
AR,TREM2
AR,TBC1D13
AR,TBL2
AR,MAP3K7
AR,VWA5A
AR,CLK4
AR,PFN2
AR,PDE4B
AR,PPCS
AR,AMOTL2
AR,PPWD1
AR,NUDT15
AR,COPS2
AR,TMBIM6
AR,ABCC10
AR,CYCS
AR,LIFR
AR,GPR63
AR,SF3B2
AR,PPP1R10
AR,SPSB3
AR,SHC1
AR,CUL1
AR,PRKACB
AR,AREG
AR,MIPEP
AR,GLO1
AR,C22orf31
AR,TUT1
AR,B3GALT4
AR,DDX23
AR,ARID3B
AR,CPEB1
AR,ETS1
AR,NXF1
AR,MMP17
AR,BTG1
AR,TNFSF18
AR,DRD3
AR,TFAM
AR,CUL9
AR,TLR6
AR,CHMP1A
AR,CHST11
AR,DBF4B
AR,API5
AR,CSPG4
AR,ACADVL
AR,TFDP2
AR,AGO3
AR,TERF2IP
AR,FOXB1
AR,STK10
AR,FNDC3B
AR,AGK
AR,MRPL9
AR,MXI1
AR,XPO6
AR,FBXO42
AR,DDX31
AR,ZNF202
AR,ST7
AR,KREMEN2
AR,PIM2
AR,HMBS
AR,SLC44A1
AR,UBA5
AR,FOXJ3
AR,P2RX6
AR,SUCO
AR,ABCB8
AR,KLF15
AR,ZMYM4
AR,SHB
AR,IRS2
AR,PDCD4
AR,CNBP
AR,SSR1
AR,HAUS6
AR,XPA
AR,IVNS1ABP
AR,TMEM156
AR,FAM155A
AR,ALDOA
AR,NFATC4
AR,NIPBL
AR,CDON
AR,MRPS18B
AR,CRKL
AR,RAD54L2
AR,THAP3
AR,PAFAH2
AR,VTN
AR,PDE12
AR,ZER1
AR,PACSIN3
AR,PISD
AR,SF3B4
AR,EEF1E1
AR,APRT
AR,GAB2
AR,TMA16
AR,PITX3
AR,UNKL
AR,TNXB
AR,IQCH
AR,CSRP1
AR,SLC22A4
AR,RHOF
AR,CDKN1A
AR,SPINK4
AR,GP9
AR,TRIM58
AR,ELOVL1
AR,TOM1
AR,WSCD1
AR,BRD7
AR,SZRD1
AR,PHKA2
AR,BRINP1
AR,WWP2
AR,TNRC6B
AR,AGO1
AR,ZNF668
AR,WDR74
AR,DUSP7
AR,DENND1A
AR,ARFGAP2
AR,SOX13
AR,ALDH3A1
AR,PML
AR,PSMC2
AR,NUDT3
AR,KCNN3
AR,C2CD5
AR,KBTBD2
AR,DENND2A
AR,GPT
AR,THRA
AR,DOCK9
AR,NOS3
AR,NACAD
AR,IQCK
AR,NLK
AR,CELSR2
AR,PCDH7
AR,SLC6A9
AR,ARTN
AR,BICD2
AR,PES1
AR,MYO19
AR,GNPDA1
AR,RHBDL1
AR,KLF4
AR,NFIB
AR,RFX3
AR,NFKBIE
AR,PFKFB4
AR,MDK
AR,NQO2
AR,NOC2L
AR,MVP
AR,ZNF768
AR,CD1D
AR,OVOL1
AR,CA6
AR,SHOX2
AR,POU4F3
AR,MFHAS1
AR,DPT
AR,PRG3
AR,ABCC2
AR,C12orf10
AR,CDC20
AR,SMAD5-AS1
AR,ZFP36L1
AR,TCN2
AR,TRMT12
AR,MLN
AR,B3GAT1
AR,RRAD
AR,DCSTAMP
AR,RAB8B
AR,FOXD3
AR,MATN1
AR,PCDHB3
AR,TSSK2
AR,COA7
AR,PFDN6
AR,SAT1
AR,EHBP1L1
AR,CHML
AR,SNAP23
AR,RBFOX2
AR,FGF8
AR,CORO7
AR,PLEKHM2
AR,GPR162
AR,HLA-DOB
AR,NTN3
AR,DEPDC5
AR,POLM
AR,PIK3R5
AR,MAP4K2
AR,KRT6B
AR,TPCN1
AR,MYL5
AR,TYR
AR,MAGIX
AR,CRYBA1
AR,BSPRY
AR,USP7
AR,DDC
AR,PDE6A
AR,TUSC2
AR,CROCCP3
AR,SH2B3
AR,CLIP2
AR,PLEKHO2
AR,PMEL
AR,ENPP2
AR,LHX5
AR,GCM2
AR,CUL7
AR,RORC
AR,TRAFD1
AR,CRMP1
AR,LY6G6C
AR,MDM4
CTCF,NDUFAF1
CTCF,DLD
CTCF,RPL17
CTCF,RPRD1A
CTCF,CUL2
CTCF,C3
CTCF,PHYHIP
CTCF,KIF15
CTCF,TIPARP
CTCF,HERC1
CTCF,TBC1D16
CTCF,EIF4G3
CTCF,ELMO1
CTCF,ACSF2
CTCF,POLR3D
CTCF,TMSB10
CTCF,CTCF
NFE2L2,METAP2
NFE2L2,HMOX1
NFE2L2,LIMCH1
NFE2L2,C1orf56
NFE2L2,ZFP36L1
NFE2L2,YBX3
NFE2L2,ADM
NFE2L2,CDK4
NFE2L2,NLE1
NFE2L2,CTNNA3
NFE2L2,RBM3
NFE2L2,SDHD
NFE2L2,CDIP1
NFE2L2,RAD50
NFE2L2,MMP1
NFE2L2,C3orf52
NFE2L2,SAP18
NFE2L2,PDE4B
NFE2L2,FDPS
NFE2L2,FNDC3B
NFE2L2,MRTO4
NFE2L2,DSE
NFE2L2,DAB2
NFE2L2,IFT122
NFE2L2,UBE2D3
NFE2L2,CKS1B
NFE2L2,HMGCS1
NFE2L2,ELOVL1
NFE2L2,RAB36
NFE2L2,SLC38A1
NFE2L2,RHOC
NFE2L2,HSPA6
NFE2L2,RHOG
NFE2L2,STX3
NFE2L2,MARCKS
NFE2L2,FMO1
NFE2L2,TXNRD1
NFE2L2,FTH1
NFE2L2,NEBL
NFE2L2,PSMA3
NFE2L2,CAPN2
NFE2L2,S100A7
NFE2L2,MYL6
NFE2L2,UNKL
NFE2L2,RORC
NFE2L2,NDUFS6
NFE2L2,SLC22A8
NFE2L2,CTSD
NFE2L2,GDPD3
NFE2L2,GAB2
NFE2L2,TWISTNB
NFE2L2,RPL5
NFE2L2,YAP1
NFE2L2,MEIS2
NFE2L2,MLLT11
NFE2L2,DFFA
NFE2L2,PMVK
NFE2L2,SYTL2
NFE2L2,ILF2
NFE2L2,HSPA8
NFE2L2,ARAF
NFE2L2,RHBDD3
NFE2L2,COA4
NFE2L2,IPO7
NFE2L2,QRSL1
NFE2L2,WBP4
NFE2L2,MAN2C1
NFE2L2,METTL1
NFE2L2,RUSC1
NFE2L2,VAMP1
NFE2L2,INPP5K
NFE2L2,UBE2L3
NFE2L2,ALOXE3
NFE2L2,IPP
NFE2L2,RAD54L
NFE2L2,PGD
NFE2L2,SLFN12
NFE2L2,TCF7L2
NFE2L2,ARHGEF28
NFE2L2,FMO4
NFE2L2,RARG
NFE2L2,STK32B
NFE2L2,EIF3I
NFE2L2,IL15RA
NFE2L2,MVK
NFE2L2,RABGAP1L
NFE2L2,ZBTB17
NFE2L2,IPO9
NFE2L2,CCT2
NFE2L2,DHX9
NFE2L2,LUC7L
NFE2L2,CDKN2C
NFE2L2,POLD3
NFE2L2,CPE
NFE2L2,SLC7A11
NFE2L2,GDF9
NFE2L2,EIF4G1
NFE2L2,PIGC
NFE2L2,FAM13A
NFE2L2,ZNF215
NFE2L2,MRPS14
NFE2L2,IQCB1
NFE2L2,FAF1
NFE2L2,PPIH
NFE2L2,MRPL11
NFE2L2,UFC1
NFE2L2,GOSR2
NFE2L2,PTS
NFE2L2,SCRN1
NFE2L2,TARDBP
NFE2L2,GABPA
NFE2L2,RPS25
NFE2L2,TNPO3
NFE2L2,KLF6
NFE2L2,WNK1
NFE2L2,SCAF11
NFE2L2,RPAIN
NFE2L2,MED24
NFE2L2,EPHA7
NFE2L2,HPD
NFE2L2,PRCC
NFE2L2,TUFT1
NFE2L2,XRCC3
NFE2L2,SP1
NFE2L2,USP15
NFE2L2,RALGPS2
NFE2L2,EDC4
NFE2L2,ZNF141
NFE2L2,GLO1
NFE2L2,RAD52
NFE2L2,IREB2
NFE2L2,EPHB1
NFE2L2,BIRC2
NFE2L2,ETFA
NFE2L2,SRSF4
NFE2L2,SUPV3L1
NFE2L2,CRKL
NFE2L2,VDAC1
NFE2L2,ZFP69B
NFE2L2,PRMT5
NFE2L2,IFT140
NFE2L2,RFWD3
NFE2L2,HSPA9
NFE2L2,POLR3C
NFE2L2,NIP7
NFE2L2,RRAGC
NFE2L2,BYSL
NFE2L2,TLR6
NFE2L2,NOC3L
NFE2L2,ISG20L2
NFE2L2,DNAH2
NFE2L2,TSC2
NFE2L2,HIVEP3
NFE2L2,GSDMB
NFE2L2,PTPRF
NFE2L2,DPYSL3
NFE2L2,BMS1
NFE2L2,HEXIM1
NFE2L2,HTR1B
NFE2L2,NEUROG2
NFE2L2,C1orf35
NFE2L2,DRAM1
NFE2L2,CREM
NFE2L2,CLNS1A
NFE2L2,PDGFRA
NFE2L2,PNMT
NFE2L2,ID3
NFE2L2,UQCRC2
NFE2L2,SLC39A8
NFE2L2,PMF1
NFE2L2,SCNM1
NFE2L2,RAP2A
NFE2L2,KIAA0319L
NFE2L2,UBB
NFE2L2,REN
NFE2L2,NPL
NFE2L2,ERI3
NFE2L2,PEAK1
NFE2L2,IFRD1
NFE2L2,MGRN1
NFE2L2,CISH
NFE2L2,TELO2
NFE2L2,TAF1D
NFE2L2,ATXN10
NFE2L2,EPB41
NFE2L2,UBE2Q1
NFE2L2,CORIN
NFE2L2,NBEAL2
NFE2L2,MAP7D1
NFE2L2,GNAI3
NFE2L2,NDUFA4L2
NFE2L2,NGDN
NFE2L2,CEP164
NFE2L2,MPZL1
NFE2L2,CD55
NFE2L2,VEZT
NFE2L2,PEX14
NFE2L2,WSB1
NFE2L2,CD248
NFE2L2,RAB7A
NFE2L2,EPHB3
NFE2L2,STUB1
NFE2L2,PLXNB1
NFE2L2,MB
NFE2L2,CDC42
NFE2L2,SNX29
NFE2L2,AARSD1
NFE2L2,HAPLN2
NFE2L2,UVRAG
NFE2L2,IER5
NFE2L2,KRT32
NFE2L2,GAB1
NFE2L2,PPP2R5E
NFE2L2,NLRX1
NFE2L2,TMEM19
NFE2L2,ROGDI
NFE2L2,LUZP1
NFE2L2,PSMC6
NFE2L2,TTC4
NFE2L2,ANKRD11
NFE2L2,MTR
NFE2L2,GATC
NFE2L2,LIMK2
NFE2L2,CETN2
NFE2L2,SGK1
NFE2L2,ADAP1
NFE2L2,TSPAN9
NFE2L2,CAMTA1
NFE2L2,TULP3
NFE2L2,DCTPP1
NFE2L2,MAP3K5
NFE2L2,COPS4
NFE2L2,ARID5B
NFE2L2,TTC39A
NFE2L2,TOP3B
NFE2L2,INHBA
NFE2L2,EIF2B3
NFE2L2,SMAGP
NFE2L2,PISD
NFE2L2,MSMO1
NFE2L2,CXXC4
NFE2L2,IL21R
NFE2L2,GRAP2
NFE2L2,MEOX2
NFE2L2,ST7L
NFE2L2,OSGEP
NFE2L2,PSMD11
NFE2L2,CAPN5
NFE2L2,TBL3
NFE2L2,TRNAU1AP
NFE2L2,PCCA
NFE2L2,FST
NFE2L2,LENEP
NFE2L2,HBS1L
NFE2L2,FKBP9
NFE2L2,TMBIM4
NFE2L2,SNRPE
NFE2L2,DBF4B
NFE2L2,RRM1
NFE2L2,NME6
NFE2L2,E2F4
NFE2L2,PCSK7
NFE2L2,NFATC3
NFE2L2,RNF19B
NFE2L2,MLST8
NFE2L2,BCL7C
NFE2L2,ZNF721
NFE2L2,CDC25A
NFE2L2,CCT6A
NFE2L2,E4F1
NFE2L2,UBQLN4
NFE2L2,PDCD6
NFE2L2,DNALI1
NFE2L2,TMEM39A
NFE2L2,GNB1L
NFE2L2,PIGL
NFE2L2,SDF2L1
NFE2L2,RGS16
NFE2L2,TDG
NFE2L2,RABGGTB
NFE2L2,SHC1
NFE2L2,AHDC1
NFE2L2,ING4
NFE2L2,SLC22A4
NFE2L2,PRMT7
NFE2L2,AMIGO2
NFE2L2,IFFO1
NFE2L2,DNAJC11
NFE2L2,SERPINH1
NFE2L2,FARP1
NFE2L2,NCAPD2
NFE2L2,HARS2
NFE2L2,RRP15
NFE2L2,GPKOW
NFE2L2,TIMM10
NFE2L2,PPIF
NFE2L2,DDAH1
NFE2L2,MAPK8IP2
NFE2L2,GUCY1B2
NFE2L2,TMEM63A
NFE2L2,DCUN1D4
NFE2L2,VCL
NFE2L2,PRDM10
NFE2L2,KLF3
NFE2L2,CHD2
NFE2L2,SF3B5
NFE2L2,TMEM45A
NFE2L2,CCR7
NFE2L2,GEMIN8
NFE2L2,ADTRP
NFE2L2,IL7R
NFE2L2,PIDD1
NFE2L2,POLR3K
NFE2L2,UBTF
NFE2L2,ECI1
NFE2L2,PPIL6
NFE2L2,TARS2
NFE2L2,DYRK3
NFE2L2,HMGB2
NFE2L2,AHR
NFE2L2,FLNC
NFE2L2,RAD1
NFE2L2,LSM5
NFE2L2,ST3GAL2
NFE2L2,RNF115
NFE2L2,CRK
NFE2L2,TTF2
NFE2L2,RAP1B
NFE2L2,SLC22A6
NFE2L2,IPO8
NFE2L2,SEMA6A
NFE2L2,KCNJ1
NFE2L2,CES3
NFE2L2,CAPZA2
NFE2L2,NFYB
NFE2L2,MMP10
NFE2L2,C11orf1
NFE2L2,PSMC1
NFE2L2,IPO13
NFE2L2,AMOTL2
NFE2L2,SNORA21
NFE2L2,FOLR1
NFE2L2,NDUFA4
NFE2L2,ALDH4A1
NFE2L2,TSNAXIP1
NFE2L2,CEBPE
NFE2L2,SNX27
NFE2L2,EFNA4
NFE2L2,CDON
NFE2L2,KIAA0556
NFE2L2,WNT5A
NFE2L2,CDC6
NFE2L2,DDX23
NFE2L2,NUP153
NFE2L2,HEATR1
NFE2L2,EIF3J
NFE2L2,MTHFR
NFE2L2,ATP6V0C
NFE2L2,SPI1
NFE2L2,UBE2J1
NFE2L2,CLUAP1
NFE2L2,IFNGR1
NFE2L2,SPON2
NFE2L2,MEST
NFE2L2,STYK1
NFE2L2,RBX1
NFE2L2,PEX6
NFE2L2,TOE1
NFE2L2,PGK1
NFE2L2,SLC9A3R2
NFE2L2,BTG1
NFE2L2,MDFIC
NFE2L2,PMS2P4
NFE2L2,ZNF174
NFE2L2,CRB1
NFE2L2,APEX1
NFE2L2,HNRNPH3
NFE2L2,POLD2
NFE2L2,TDP2
NFE2L2,RNF185
NFE2L2,CD63
NFE2L2,ABLIM1
NFE2L2,MANF
NFE2L2,PRICKLE3
NFE2L2,PPCDC
NFE2L2,SF3A1
NFE2L2,DDX19A
NFE2L2,MAP3K13
NFE2L2,SCNN1A
NFE2L2,TCAP
NFE2L2,ATPAF2
NFE2L2,CLCN6
NFE2L2,TMEM39B
NFE2L2,ABCA11P
NFE2L2,PPOX
NFE2L2,CLIC5
NFE2L2,BTN3A3
NFE2L2,ENO1
NFE2L2,CHD4
NFE2L2,MAPKAPK5-AS1
NFE2L2,COL11A1
NFE2L2,AFF4
NFE2L2,CRYZL1
NFE2L2,GFM1
NFE2L2,ARHGEF40
NFE2L2,CHD8
NFE2L2,NDUFAB1
NFE2L2,TBL1X
NFE2L2,ZNF202
NFE2L2,MTMR12
NFE2L2,GRIK4
NFE2L2,PTP4A2
NFE2L2,AIDA
NFE2L2,IQCE
NFE2L2,UGT8
NFE2L2,SLC4A8
NFE2L2,MTRR
NFE2L2,MCM5
NFE2L2,CX3CR1
NFE2L2,CSK
NFE2L2,GPR3
NFE2L2,SNHG3
NFE2L2,PGF
NFE2L2,PUS1
NFE2L2,DENND4B
NFE2L2,USP2
NFE2L2,GTPBP10
NFE2L2,MYOF
NFE2L2,PRSS12
NFE2L2,GRK4
NFE2L2,ARL2
NFE2L2,MTOR
NFE2L2,FLAD1
NFE2L2,SLC12A6
NFE2L2,RNF40
NFE2L2,BMP6
NFE2L2,ANXA9
NFE2L2,WDR70
NFE2L2,RFTN1
NFE2L2,B4GALT3
NFE2L2,COX16
NFE2L2,EPS8L3
NFE2L2,KLF15
NFE2L2,TTC12
NFE2L2,USB1
NFE2L2,PHTF2
NFE2L2,ABL2
NFE2L2,SH2B2
NFE2L2,FASTKD3
NFE2L2,SERBP1
NFE2L2,ZNF207
NFE2L2,SSRP1
NFE2L2,SMURF1
NFE2L2,ATG101
NFE2L2,COG7
NFE2L2,C17orf75
NFE2L2,NUP107
NFE2L2,SV2A
NFE2L2,ICE1
NFE2L2,SMG5
NFE2L2,GTF2H3
NFE2L2,KDM6B
NFE2L2,RAB25
NFE2L2,NXF1
NFE2L2,NFATC4
NFE2L2,MS4A12
NFE2L2,ANKRD2
NFE2L2,TFAM
NFE2L2,KDM8
NFE2L2,ZNF770
NFE2L2,ZNF268
NFE2L2,RCC1
NFE2L2,HEXA
NFE2L2,LMF1
NFE2L2,JMJD4
NFE2L2,ATP6V0A1
NFE2L2,SH3TC1
NFE2L2,PARK7
NFE2L2,CAMSAP2
NFE2L2,TMEM109
NFE2L2,SLC26A10
NFE2L2,DTX4
NFE2L2,SLC12A2
NFE2L2,PAFAH2
NFE2L2,ETFDH
NFE2L2,KRAS
NFE2L2,SUSD5
NFE2L2,DHCR7
NFE2L2,TF
NFE2L2,CD2BP2
NFE2L2,ZNF148
NFE2L2,GPC5
NFE2L2,PES1
NFE2L2,SNRNP25
NFE2L2,AMBN
NFE2L2,EXOSC1
NFE2L2,PAQR4
NFE2L2,SZRD1
NFE2L2,VPS72
NFE2L2,FUBP1
NFE2L2,TPM1
NFE2L2,HSP90AA1
NFE2L2,GSPT1
NFE2L2,NDUFS2
NFE2L2,WLS
NFE2L2,CLK3
NFE2L2,QSOX1
NFE2L2,CHAC1
NFE2L2,DUS2
NFE2L2,SLC36A1
NFE2L2,APH1A
NFE2L2,FSCN1
NFE2L2,TRAF3IP3
NFE2L2,RGR
NFE2L2,SYF2
NFE2L2,BANP
NFE2L2,CST6
NFE2L2,MPHOSPH6
NFE2L2,MUTYH
NFE2L2,MRPL9
NFE2L2,NID1
NFE2L2,ENPP1
NFE2L2,PSMA1
NFE2L2,MSANTD2
NFE2L2,FOXM1
NFE2L2,SMAD5-AS1
NFE2L2,HTATSF1
NFE2L2,EAF2
NFE2L2,RS1
NFE2L2,RNASEH2B
NFE2L2,TRAPPC3
NFE2L2,NR3C2
NFE2L2,GNG13
NFE2L2,SEC14L5
NFE2L2,CYP27B1
NFE2L2,ACSS3
NFE2L2,SNX7
NFE2L2,RAG2
NFE2L2,ABT1
NFE2L2,S1PR1
NFE2L2,NDRG2
NFE2L2,PLA2G1B
NFE2L2,RHBDL1
NFE2L2,IL32
NFE2L2,MAGIX
NFE2L2,USP16
NFE2L2,NKX3-2
NFE2L2,MYLPF
NFE2L2,AJAP1
NFE2L2,USP47
NFE2L2,MAFF
NFE2L2,NUP155
NFE2L2,EPB41L4A
NFE2L2,CAND1
NFE2L2,DDX56
NFE2L2,TBRG4
NFE2L2,ERC1
NFE2L2,TCP1
NFE2L2,CASQ1
NFE2L2,SLN
NFE2L2,SOCS1
NFE2L2,FBXO2
NFE2L2,E2F2
NFE2L2,HTR1A
NFE2L2,ST3GAL4
NFE2L2,TBCC
NFE2L2,AICDA
NFE2L2,RHBDF1
NFE2L2,INHBC
NFE2L2,CRYBA1
NFE2L2,THBS3
NFE2L2,LAMB4
NFE2L2,ZNF219
NFE2L2,ADIRF
NFE2L2,PCDHGA3
NFE2L2,ATP12A
NFE2L2,CKAP4
NFE2L2,MCHR1
NFE2L2,PLP2
NFE2L2,GCM2
NFE2L2,SIX6
NFE2L2,MGAT3
NFE2L2,ADAM15
NFE2L2,FOSL1
NFE2L2,LRIT1
NFE2L2,HSPB1
NFE2L2,TFAP2B
NFE2L2,RORA
NFE2L2,SCNN1D
NFE2L2,RAB33A
NFE2L2,TEKT2
NFE2L2,DMBT1
NFE2L2,FBXW7
NFE2L2,RENBP
NFE2L2,MAGI2
NFE2L2,TLR3
NFE2L2,DIO1
NFE2L2,TNFRSF17
NFE2L2,CYB5R2
NFE2L2,MTNR1B
NFE2L2,C1orf54
NFE2L2,USP21
NFE2L2,NPR1
NFE2L2,ITGA5
NFE2L2,ACR
NFE2L2,EEF1E1
NFE2L2,RAP1GAP
NFE2L2,PCDHGA1
NFE2L2,CHRM4
NFE2L2,MYBPH
NFE2L2,NFKB2
NFE2L2,ARHGEF17
NFE2L2,RRAD
NFE2L2,KRT85
NFE2L2,CCL1
NFE2L2,HTRA1
NFE2L2,TAOK3
NFE2L2,BPNT1
NFE2L2,SNCG
NFE2L2,GNG4
NFE2L2,RAPGEF3
NFE2L2,SDC3
NFE2L2,KCNN3
NFE2L2,S100A14
NFE2L2,TSPO2
NFE2L2,OR2B2
NFE2L2,MICAL3
NFE2L2,MATN1
NFE2L2,NAA15
NFE2L2,CADM3
NFE2L2,TGM1
NFE2L2,THOC6
NFE2L2,DDR2
NFE2L2,LRRC2
NFE2L2,GSC2
NFE2L2,MYRF
NFE2L2,THRA
NFE2L2,CLDN9
NFE2L2,MCM2
NFE2L2,PRSS8
NFE2L2,DUSP9
NFE2L2,PRKCD
NFE2L2,MRPL20
NFE2L2,PLCL2
NFE2L2,FGGY
NFE2L2,GPR15
NFE2L2,GRIN2A
NFE2L2,GFRA3
NFE2L2,ADORA1
NFE2L2,CYB5R1
NFE2L2,MIP
CTCF,PRCC
CTCF,MILR1
CTCF,ASGR2
CTCF,FKBP9
CTCF,PPBP
CTCF,CHAD
CTCF,L1TD1
CTCF,PRG2
CTCF,POU2AF1
CTCF,PRG3
CTCF,PFKFB3
CTCF,ZNF629
CTCF,C4BPA
CTCF,RAB21
CTCF,CREB3L1
CTCF,GBX2
CTCF,C4BPB
CTCF,CLDN14
CTCF,IL5
CTCF,FADS2
CTCF,PF4
CTCF,INA
CTCF,PEX5L
CTCF,AMOTL2
CTCF,SP4
EGR1,AQP1
EGR1,NUDCD3
EGR1,MMP2
EGR1,PGM1
EGR1,PAQR4
EGR1,SPON2
EGR1,WNT5A
EGR1,IER3
EGR1,NID1
EGR1,PRKCD
EGR1,CAMK2N1
EGR1,SERHL2
EGR1,CRABP2
EGR1,AGT
EGR1,NT5DC2
EGR1,DPYD
EGR1,CORO1A
EGR1,CARHSP1
EGR1,NME3
EGR1,COL6A2
EGR1,C1QL1
EGR1,NPTX2
EGR1,RGS16
EGR1,ARPC5
EGR1,ARHGAP44
EGR1,SLC16A1
EGR1,NDUFA4L2
EGR1,GPR153
EGR1,PCOLCE
EGR1,NACAD
EGR1,H6PD
EGR1,RSRP1
EGR1,NIT1
EGR1,LIMA1
EGR1,ACLY
EGR1,TUBB3
EGR1,ALOX15B
EGR1,AEBP1
EGR1,PLOD2
EGR1,CD164
EGR1,FLNA
EGR1,MICAL1
EGR1,MST1
EGR1,EDEM3
EGR1,CADM3
EGR1,AMMECR1
EGR1,MRPS14
EGR1,DALRD3
EGR1,SEZ6L2
EGR1,RHOT2
EGR1,ZBTB7B
EGR1,UBQLN4
EGR1,HILPDA
EGR1,BHLHE40
EGR1,PTPN7
EGR1,ADM2
EGR1,STUB1
EGR1,EFNB3
EGR1,RHOC
EGR1,TMBIM4
EGR1,PLXND1
EGR1,MAF
EGR1,VGF
EGR1,CRMP1
EGR1,EFNA1
EGR1,COL6A1
EGR1,HBP1
EGR1,PDPN
EGR1,EIF4A1
EGR1,PHKA2
EGR1,TP73
EGR1,GAS7
EGR1,DNAJA3
EGR1,ARPC4
EGR1,CYP11A1
EGR1,S100A9
EGR1,ROBO1
EGR1,HOXA5
EGR1,PKMYT1
EGR1,RAMP2
EGR1,HDGF
EGR1,PDE6B
EGR1,TMEM255A
EGR1,SLC26A6
EGR1,DNM3
EGR1,PCOLCE2
EGR1,VPS35
EGR1,DNAJB9
EGR1,GNAI3
EGR1,FBXO2
EGR1,TAGLN3
EGR1,TAF9B
EGR1,ANPEP
EGR1,STX1A
EGR1,SERPINI1
EGR1,GAS8
EGR1,ACD
EGR1,CACNA1H
EGR1,DHRS3
EGR1,SLC25A1
EGR1,MPC2
EGR1,PYCARD
EGR1,PTHLH
EGR1,NAB2
EGR1,STARD5
EGR1,ADORA1
EGR1,C1orf35
EGR1,PPP2R5A
EGR1,HMGN2
EGR1,GNAZ
EGR1,NSG1
EGR1,KRT8
EGR1,ZDHHC8P1
EGR1,ZNF423
EGR1,SOX10
EGR1,GRB7
EGR1,NCF2
EGR1,HSD17B1
EGR1,GFAP
EGR1,CES2
EGR1,DLK1
EGR1,DNALI1
EGR1,PDZK1IP1
EGR1,MTR
EGR1,SDF4
EGR1,MAN1C1
EGR1,ZNF721
EGR1,RUNDC3A
EGR1,MT1F
EGR1,RORC
EGR1,PAK3
EGR1,PRRX1
EGR1,GSDMB
EGR1,TAX1BP3
EGR1,PISD
EGR1,CITED2
EGR1,MAGI2
EGR1,DDR1
EGR1,RPL15
EGR1,ITGB2
EGR1,SH3GLB1
EGR1,RAPGEF3
EGR1,AIDA
EGR1,MPDU1
EGR1,ALDOC
EGR1,CCK
EGR1,MLX
EGR1,CTRB2
EGR1,CD63
EGR1,CSAD
EGR1,ALCAM
EGR1,PDIA2
EGR1,NEIL1
EGR1,RBM5
EGR1,NDUFS2
EGR1,ALDOA
EGR1,MYL6
EGR1,TBK1
EGR1,EPHB1
EGR1,EDN2
EGR1,EFNB1
EGR1,ATF6
EGR1,KBTBD2
EGR1,NELL2
EGR1,GUCY2D
EGR1,CLDN6
EGR1,RAB13
EGR1,C3orf18
EGR1,ADAM11
EGR1,CSRNP2
EGR1,WNT7A
EGR1,IL17RC
EGR1,SREBF1
EGR1,TYMP
EGR1,GUSB
EGR1,S100A14
EGR1,CSTA
EGR1,RING1
EGR1,PPL
EGR1,HAUS2
EGR1,THBS3
EGR1,RFTN1
EGR1,ARHGDIG
EGR1,SOD2
EGR1,SLC26A1
EGR1,SLC2A11
EGR1,GNB3
EGR1,PADI2
EGR1,TELO2
EGR1,DENND1B
EGR1,SPTBN5
EGR1,TSNAXIP1
EGR1,EVX1
EGR1,ITGA7
EGR1,ADAP1
EGR1,RGL1
EGR1,PRAF2
EGR1,FGF13
EGR1,USP21
EGR1,GREM1
EGR1,MT1X
EGR1,CCDC71
EGR1,IFNGR1
EGR1,DNAJC7
EGR1,SCAMP5
EGR1,PON2
EGR1,ROGDI
EGR1,ERC2
EGR1,FABP3
EGR1,MT3
EGR1,CKLF
EGR1,RPS6KA1
EGR1,ZNF75D
EGR1,VPS9D1
EGR1,PACRG
EGR1,BCAN
EGR1,RAB26
EGR1,TCTA
EGR1,LIF
EGR1,GPC4
EGR1,PPARG
EGR1,FOXD3
EGR1,LIN28A
EGR1,PNPLA3
EGR1,THRB
EGR1,DNAJC13
EGR1,STAB1
EGR1,TP53
EGR1,PPIB
EGR1,TUBA1A
EGR1,RNF187
EGR1,PARK7
EGR1,GRM2
EGR1,CDH16
EGR1,IL10RB
EGR1,FAIM2
EGR1,STARD3
EGR1,WSB1
EGR1,ARHGEF16
EGR1,MEOX2
EGR1,GAL3ST1
EGR1,KIAA0753
EGR1,NFATC3
EGR1,SV2A
EGR1,SNRPN
EGR1,RHOA
EGR1,PEA15
EGR1,E2F2
EGR1,SSR4
EGR1,PLXNB3
EGR1,SEMA7A
EGR1,MEG3
EGR1,IRF8
EGR1,MAN1A2
EGR1,MAPK3
EGR1,TMPRSS6
EGR1,KRT81
EGR1,PILRA
EGR1,ACAN
EGR1,SALL1
EGR1,NLGN4X
EGR1,MANF
EGR1,CBLB
EGR1,ACOX2
EGR1,TTC13
EGR1,KDM6B
EGR1,FEZF2
EGR1,NXPH4
EGR1,MEST
EGR1,CD19
EGR1,ST20
EGR1,SHC1
EGR1,STRA6
EGR1,G6PD
EGR1,B2M
EGR1,ERCC4
EGR1,ASIC2
EGR1,GCK
EGR1,ATP6V0A1
EGR1,ETFA
EGR1,AKR7A2
EGR1,CX3CR1
EGR1,RAB33A
EGR1,MICALL2
EGR1,PCLO
EGR1,DFFA
EGR1,FH
EGR1,DNAAF1
EGR1,EVA1B
EGR1,PTAFR
EGR1,PARN
EGR1,RAB40C
EGR1,MAPK8IP2
EGR1,UBE2J1
EGR1,SCRN1
EGR1,GPR132
EGR1,MGAT3
EGR1,PPP2R3A
EGR1,ADCY6
EGR1,MTHFR
EGR1,PTPRO
EGR1,TRIM45
EGR1,MYO15A
EGR1,AVPR2
EGR1,P3H1
EGR1,YWHAE
EGR1,CHD5
EGR1,PPOX
EGR1,ERN2
EGR1,MAP3K12
EGR1,HSPA6
EGR1,MMP15
EGR1,ITGAL
EGR1,SEC14L5
EGR1,SMAD3
EGR1,CRIP2
EGR1,HAPLN2
EGR1,SELENBP1
EGR1,ISLR
EGR1,GOSR2
EGR1,DTX3
EGR1,CDH3
EGR1,RDH5
EGR1,SLC12A9
EGR1,CALU
EGR1,SLC12A4
EGR1,PSKH1
EGR1,RHBDF1
EGR1,CNOT2
EGR1,ALDH1L1
EGR1,ACADVL
EGR1,GNS
EGR1,INSRR
EGR1,CA7
EGR1,ALDH1A3
EGR1,AQP8
EGR1,HMCES
EGR1,CCNT1
EGR1,CX3CL1
EGR1,COL11A2
EGR1,SLC38A2
EGR1,ZC3H12A
EGR1,CISH
EGR1,GFOD2
EGR1,MPZ
EGR1,ENO1
EGR1,SNX27
EGR1,SPINT1
EGR1,FBLN2
EGR1,IL17RB
EGR1,UFC1
EGR1,PPIL2
EGR1,VPREB3
EGR1,DIO3
EGR1,PTMS
EGR1,KIAA0930
EGR1,KRT19
EGR1,KRT7
EGR1,FTCD
EGR1,CLEC3B
EGR1,UPP1
EGR1,CAMKV
EGR1,PDE1B
EGR1,SH3BGRL3
EGR1,ORAI3
EGR1,PRPH2
EGR1,EPHA7
EGR1,MGST3
EGR1,PFKFB4
EGR1,ISG20
EGR1,ETV1
EGR1,WNT4
EGR1,ALDH3A2
EGR1,SIKE1
EGR1,STK38
EGR1,TMEM222
EGR1,C1QA
EGR1,OSTM1
EGR1,EIF4G3
EGR1,ARVCF
EGR1,KIAA0319L
EGR1,HIRIP3
EGR1,GPSM3
EGR1,XPNPEP3
EGR1,CYB561D2
EGR1,CFAP44
EGR1,P3H2
EGR1,BRWD1
EGR1,MUL1
EGR1,METTL9
EGR1,GJC2
EGR1,ALPL
EGR1,KDM8
EGR1,TAGLN2
EGR1,LYST
EGR1,PIK3R5
EGR1,BCKDK
EGR1,AATF
EGR1,SYF2
EGR1,HERPUD1
EGR1,KCNJ4
EGR1,CDH11
EGR1,RASL12
EGR1,ABCD1
EGR1,ITPR1
EGR1,PIK3CG
EGR1,HLX
EGR1,RPL26
EGR1,TOP3B
EGR1,ELAVL4
EGR1,ZFC3H1
EGR1,DOC2A
EGR1,RRAD
EGR1,MED9
EGR1,USP15
EGR1,GSTA4
EGR1,ZCWPW1
EGR1,SCIN
EGR1,ARNT
EGR1,LASP1
EGR1,NFE2
EGR1,KPNA5
EGR1,LZTR1
EGR1,WDR78
EGR1,MCM7
EGR1,GRIK2
EGR1,ADORA3
EGR1,KCNK5
EGR1,RPL10
EGR1,HDAC11
EGR1,TOR1AIP1
EGR1,MPHOSPH6
EGR1,CAMSAP2
EGR1,RPL5
EGR1,CDC73
EGR1,SEMA3B
EGR1,GTPBP10
EGR1,GTF2B
EGR1,DTWD1
EGR1,SUCO
EGR1,ELP6
EGR1,INF2
EGR1,DEPDC5
EGR1,SLC35G2
EGR1,AGRN
EGR1,MYL10
EGR1,MARK3
EGR1,GPR161
EGR1,TIPRL
EGR1,TCF25
EGR1,LMAN1L
EGR1,RND2
EGR1,MMP25
EGR1,RALGPS2
EGR1,PALB2
EGR1,GALNS
EGR1,MICAL3
EGR1,MEFV
EGR1,EPB41
EGR1,ATN1
EGR1,PHLDA3
EGR1,SEC11A
EGR1,SHBG
EGR1,MTHFSD
EGR1,COPS3
EGR1,SLC25A20
EGR1,SLC27A3
EGR1,RPL11
EGR1,CHP2
EGR1,ZNF688
EGR1,MAGEA4
EGR1,ACAA1
EGR1,SEC14L4
EGR1,MT1G
EGR1,TIMELESS
EGR1,S100B
EGR1,RUSC1
EGR1,CSF3
EGR1,TCEAL1
EGR1,ZNF287
EGR1,CRYBB3
EGR1,SRCAP
EGR1,MAPT
EGR1,CLK3
EGR1,XRCC3
EGR1,DNASE1
EGR1,COL8A2
EGR1,IREB2
EGR1,ANKMY2
EGR1,C16orf71
EGR1,SLC26A10
EGR1,ZNF207
EGR1,NTAN1
EGR1,HNRNPA1
EGR1,CRYBB1
EGR1,CADPS
EGR1,CNPY2
EGR1,AVPR1B
EGR1,FNDC3B
EGR1,FOXJ3
EGR1,CRYBA4
EGR1,DENND6B
EGR1,DUOX2
EGR1,MAPK7
EGR1,CCL17
EGR1,KRT5
EGR1,ACVR2B-AS1
EGR1,PLXNA3
EGR1,PSMB10
EGR1,TCP11
EGR1,SEC14L2
EGR1,NDE1
EGR1,LAPTM5
EGR1,SH2B2
EGR1,PARP6
EGR1,PMVK
EGR1,SLC5A2
EGR1,ELMO3
EGR1,RASL10A
EGR1,YIPF3
EGR1,BGN
EGR1,GRM4
EGR1,SP1
EGR1,DOC2B
EGR1,PHTF2
EGR1,MFAP4
EGR1,LRPAP1
EGR1,HSF4
EGR1,BRINP2
EGR1,KRT83
EGR1,CDK19
EGR1,ABHD6
EGR1,GPR3
EGR1,MTMR11
EGR1,VENTXP1
EGR1,WNT2
EGR1,SLC1A7
EGR1,GALNT2
EGR1,KLHL22
EGR1,MGRN1
EGR1,TREX2
EGR1,GALR3
EGR1,GJA4
EGR1,PNMA3
EGR1,C1orf54
EGR1,MVD
EGR1,PLXDC1
EGR1,LYPLA2
EGR1,SCAMP3
EGR1,BCAP31
EGR1,PIM1
EGR1,DPEP2
EGR1,CHST4
EGR1,GPD1
EGR1,IFI35
EGR1,PNMT
EGR1,PPP4C
EGR1,FAM155B
EGR1,LY6G6C
EGR1,MMP11
EGR1,SH3GL3
EGR1,CD1D
EGR1,TNS2
EGR1,HOXA6
EGR1,MORN1
EGR1,SMPD2
EGR1,SLBP
EGR1,COL16A1
EGR1,CHRNE
EGR1,GDPD3
EGR1,RS1
EGR1,KRT85
EGR1,CDSN
EGR1,SCP2
EGR1,PGP
EGR1,ESYT1
EGR1,CCDC28B
EGR1,ATP8B2
EGR1,SRPK3
EGR1,SEMA3F
EGR1,EPHB3
EGR1,HOXA2
EGR1,POLM
EGR1,PCGF3
EGR1,TNK1
EGR1,PPP1R13B
EGR1,PAM16
EGR1,CAMK2B
EGR1,TRIP6
EGR1,KRT1
EGR1,KAT2A
EGR1,NIT2
EGR1,TRMT61A
EGR1,USP11
EGR1,TEKT2
EGR1,PBXIP1
EGR1,EDN1
EGR1,SCNN1A
EGR1,CDC20
EGR1,TRABD
EGR1,CES3
EGR1,ID3
EGR1,DLEC1
EGR1,PARP16
EGR1,ERBB2
EGR1,TOR3A
EGR1,GAS8-AS1
EGR1,DDOST
EGR1,HCRT
EGR1,MCM2
EGR1,CYP46A1
EGR1,FAM215A
EGR1,PLEKHA6
EGR1,KIAA1614
EGR1,LENEP
EGR1,DEDD
EGR1,CDK4
EGR1,AKT3
EGR1,OR2B2
EGR1,SDHC
EGR1,MLXIPL
EGR1,FLCN
NFE2L2,SLC26A2
NFE2L2,FAM216A
NFE2L2,PRAF2
NFE2L2,SLC50A1
NFE2L2,CTH
NFE2L2,IBTK
NFE2L2,ZKSCAN5
NFE2L2,HMGA2
NFE2L2,CYB5B
NFE2L2,SETD2
NFE2L2,EIF5A
NFE2L2,MGP
NFE2L2,ZMYM2
NFE2L2,FYN
NFE2L2,SFXN3
NFE2L2,PPP1CC
NFE2L2,ERBB3
NFE2L2,PKM
NFE2L2,TMED2
NFE2L2,MYLK
NFE2L2,ZNF106
NFE2L2,ZNF589
NFE2L2,PROS1
NFE2L2,GANAB
NFE2L2,WDR82
NFE2L2,AGL
NFE2L2,RSBN1
NFE2L2,SLC25A36
NFE2L2,MAX
NFE2L2,PMPCB
NFE2L2,SECISBP2L
NFE2L2,FUCA1
NFE2L2,RPS6KC1
NFE2L2,ALDH6A1
NFE2L2,CTNNB1
NFE2L2,SEC23A
NFE2L2,CAV1
NFE2L2,ROR1
NFE2L2,POLR2C
NFE2L2,TUFM
NFE2L2,WDTC1
NFE2L2,RERE
NFE2L2,NGRN
NFE2L2,SLC25A16
NFE2L2,PRKAG1
NFE2L2,MORC3
NFE2L2,HSD17B12
NFE2L2,MYL6B
NFE2L2,STRAP
NFE2L2,MCCC1
NFE2L2,CHD9
NFE2L2,MRPS30
NFE2L2,CYLD
NFE2L2,HSD17B11
NFE2L2,ARL6IP5
NFE2L2,RAB5B
NFE2L2,ISL1
NFE2L2,LARP4
NFE2L2,OXSM
NFE2L2,ST6GAL1
NFE2L2,NSL1
NFE2L2,DMXL1
NFE2L2,GOLPH3
NFE2L2,CALCOCO1
NFE2L2,HAUS3
NFE2L2,MGAT2
NFE2L2,SLC38A2
NFE2L2,DAG1
NFE2L2,SPG11
NFE2L2,BTK
NFE2L2,STAT2
NFE2L2,DCK
NFE2L2,SEC24A
NFE2L2,SSR3
NFE2L2,TM2D3
NFE2L2,UBL3
NFE2L2,TLE3
NFE2L2,PCDH1
NFE2L2,MAP3K4
NFE2L2,BSCL2
NFE2L2,UPF3A
NFE2L2,EHD4
NFE2L2,IL6ST
NFE2L2,MXI1
NFE2L2,INPP5F
NFE2L2,PRCP
NFE2L2,ATP2A2
NFE2L2,TTC19
NFE2L2,USP48
NFE2L2,BAHD1
NFE2L2,SOX10
NFE2L2,CEP70
NFE2L2,MRPS22
NFE2L2,PCBP4
NFE2L2,GABARAPL1
NFE2L2,ZBTB25
NFE2L2,TRRAP
NFE2L2,GLUD1
NFE2L2,CD58
NFE2L2,TOP2B
NFE2L2,TOR1AIP1
NFE2L2,ELK3
NFE2L2,MUC1
NFE2L2,TSPAN3
NFE2L2,SYNE2
NFE2L2,DNAAF2
NFE2L2,GGA1
NFE2L2,TMEM187
NFE2L2,MAN2A2
NFE2L2,APOF
NFE2L2,S100A4
NFE2L2,COPG1
NFE2L2,ATP13A3
NFE2L2,CDK5R1
NFE2L2,SLC25A11
NFE2L2,PACSIN3
NFE2L2,PEX11B
NFE2L2,CTDNEP1
NFE2L2,ZCCHC24
NFE2L2,GALE
NFE2L2,KCNAB1
NFE2L2,CDCP1
NFE2L2,C1orf105
NFE2L2,SLC25A14
NFE2L2,IL1RAP
NFE2L2,EML3
NFE2L2,RER1
NFE2L2,GPN3
NFE2L2,DDIT4
NFE2L2,CLIC4
NFE2L2,NUCKS1
NFE2L2,PHF21A
NFE2L2,CRLF3
NFE2L2,ING1
NFE2L2,GSTA4
NFE2L2,SLC35A2
NFE2L2,SPRY4
NFE2L2,TP53
NFE2L2,PPIA
NFE2L2,ETV1
NFE2L2,ANKRD10
NFE2L2,ERLIN1
NFE2L2,KAT6B
NFE2L2,HIPK1
NFE2L2,CETN3
NFE2L2,REV3L
NFE2L2,NDUFAF3
NFE2L2,BRCA1
NFE2L2,CEPT1
NFE2L2,METAP1
NFE2L2,ANKHD1
NFE2L2,HHLA3
NFE2L2,POLM
NFE2L2,STARD13
NFE2L2,PPP2R5A
NFE2L2,IRS2
NFE2L2,ARAP3
NFE2L2,DUSP6
NFE2L2,NDUFB11
NFE2L2,MEPCE
NFE2L2,LEPR
NFE2L2,SYNM
NFE2L2,MSL1
NFE2L2,SOAT1
NFE2L2,TUBA1A
NFE2L2,MAPK6
NFE2L2,GABRB3
NFE2L2,ZDHHC7
NFE2L2,JADE1
NFE2L2,SND1
NFE2L2,THAP11
NFE2L2,FAM3C
NFE2L2,PYROXD1
NFE2L2,ABI1
NFE2L2,TBCCD1
NFE2L2,GIN1
NFE2L2,IDE
NFE2L2,RPL27
NFE2L2,PAPOLA
NFE2L2,TESK2
NFE2L2,PDHB
NFE2L2,CNOT8
NFE2L2,TMEM223
NFE2L2,TSPAN31
NFE2L2,DET1
NFE2L2,FAM114A2
NFE2L2,ARL6IP1
NFE2L2,GSTP1
NFE2L2,AHI1
NFE2L2,TTC33
NFE2L2,PTP4A1
NFE2L2,HDAC1
NFE2L2,TAF6
NFE2L2,TMEM208
NFE2L2,LAGE3
NFE2L2,ZMAT3
NFE2L2,G6PC3
NFE2L2,TRMT112
NFE2L2,IQGAP2
NFE2L2,PAN2
NFE2L2,NDUFA1
NFE2L2,RFC4
NFE2L2,GOT2
NFE2L2,BLM
NFE2L2,IST1
NFE2L2,CELSR3
NFE2L2,NR1H3
NFE2L2,RBM48
NFE2L2,PPIP5K2
NFE2L2,FAM8A1
NFE2L2,POLG
NFE2L2,TBC1D4
NFE2L2,LAMTOR2
NFE2L2,COPZ1
NFE2L2,S100B
NFE2L2,FOS
NFE2L2,TNFRSF21
NFE2L2,ABCB9
NFE2L2,LRCH3
NFE2L2,PCYOX1L
NFE2L2,DBF4
NFE2L2,ALG13
NFE2L2,VGLL4
NFE2L2,ENOX2
NFE2L2,LONP2
NFE2L2,SNAP23
NFE2L2,PHGDH
NFE2L2,AKAP7
NFE2L2,PTPN6
NFE2L2,ACBD3
NFE2L2,CYB5R3
NFE2L2,OSBPL9
NFE2L2,PBRM1
NFE2L2,CDIPT
NFE2L2,COL6A1
NFE2L2,INTS12
NFE2L2,ZFYVE26
NFE2L2,MFAP3L
NFE2L2,LTA4H
NFE2L2,RBM15
NFE2L2,EXD2
NFE2L2,KIAA0513
NFE2L2,ETV5
NFE2L2,SPATA5L1
NFE2L2,WDR41
NFE2L2,CENPF
NFE2L2,RNF121
NFE2L2,PTPN12
NFE2L2,OGT
NFE2L2,ARGLU1
NFE2L2,SORBS2
NFE2L2,RNFT2
NFE2L2,SPG21
NFE2L2,CUEDC2
NFE2L2,RGS5
NFE2L2,CAMLG
NFE2L2,CDC25C
NFE2L2,MED18
NFE2L2,DMTF1
NFE2L2,HACD1
NFE2L2,ERCC8
NFE2L2,PLSCR3
NFE2L2,PMM2
NFE2L2,HNRNPR
NFE2L2,BECN1
NFE2L2,CAT
NFE2L2,MT2A
NFE2L2,SPTLC2
NFE2L2,MAPKAPK5
NFE2L2,USPL1
NFE2L2,ARPC1B
NFE2L2,MAGED1
NFE2L2,RCOR3
NFE2L2,MRPL40
NFE2L2,FER
NFE2L2,CSRP1
NFE2L2,CAPRIN2
NFE2L2,LPXN
NFE2L2,HOXC10
NFE2L2,CIB1
NFE2L2,SLC7A1
NFE2L2,CHST12
NFE2L2,KLHDC4
NFE2L2,ALG6
NFE2L2,SLC19A2
NFE2L2,TUBGCP3
NFE2L2,ATF7IP2
NFE2L2,C16orf58
NFE2L2,UQCRC1
NFE2L2,DPP8
NFE2L2,DCTN5
NFE2L2,TUBA1C
NFE2L2,PEX1
NFE2L2,IGHMBP2
NFE2L2,PLK4
NFE2L2,CTR9
NFE2L2,ANAPC5
NFE2L2,PARP4
NFE2L2,FBXO5
NFE2L2,CREBL2
NFE2L2,MKRN2
NFE2L2,NIPA2
NFE2L2,BAZ1B
NFE2L2,GCLC
NFE2L2,HADH
NFE2L2,HACD2
NFE2L2,AKAP9
NFE2L2,EED
NFE2L2,SF3B3
NFE2L2,NFAT5
NFE2L2,ANXA7
NFE2L2,ZBTB40
NFE2L2,ZBED4
NFE2L2,SNX10
NFE2L2,CDK2AP1
NFE2L2,ERGIC2
NFE2L2,LINC00339
NFE2L2,RNF41
NFE2L2,BUD31
NFE2L2,SAP30L
NFE2L2,BMPR1A
NFE2L2,GATAD1
NFE2L2,ALG3
NFE2L2,MRPL17
NFE2L2,IRF2
NFE2L2,KDM5B
NFE2L2,POLR2G
NFE2L2,SUCLG2
NFE2L2,PITPNM1
NFE2L2,ANKRD17
NFE2L2,SPRY2
NFE2L2,THRAP3
NFE2L2,AP3S2
NFE2L2,RB1
NFE2L2,FLOT2
NFE2L2,POLE2
NFE2L2,NR2F1
NFE2L2,EVI5
NFE2L2,NLK
NFE2L2,ANKRA2
NFE2L2,LMNA
NFE2L2,ARHGEF9
NFE2L2,CROT
NFE2L2,PDS5B
NFE2L2,MNT
NFE2L2,ELK1
NFE2L2,TPCN1
NFE2L2,FKBP11
NFE2L2,RWDD2B
NFE2L2,ANKRD28
NFE2L2,VWA8
NFE2L2,MEF2D
NFE2L2,C5orf22
NFE2L2,USP1
NFE2L2,ATP6V0A2
NFE2L2,GLB1
NFE2L2,PRDX3
NFE2L2,PHF8
NFE2L2,TUBB3
NFE2L2,CCND1
NFE2L2,EXOSC8
NFE2L2,HECTD4
NFE2L2,HS2ST1
NFE2L2,DNAJC24
NFE2L2,CHD3
NFE2L2,RBM10
NFE2L2,DDB2
NFE2L2,IGF2BP2
NFE2L2,GPBP1L1
NFE2L2,STK26
NFE2L2,MORF4L2
NFE2L2,HIF1AN
NFE2L2,YARS2
NFE2L2,KCTD3
NFE2L2,ARPC1A
NFE2L2,ATP8A1
NFE2L2,TSPAN14
NFE2L2,AFF1
NFE2L2,GOSR1
NFE2L2,SRPX
NFE2L2,BBS10
NFE2L2,SCAND2P
NFE2L2,SGSM2
NFE2L2,TSPO
NFE2L2,HERC6
NFE2L2,BAG2
NFE2L2,PFKL
NFE2L2,ITGB3
NFE2L2,GNPTAB
NFE2L2,POGZ
NFE2L2,LTN1
NFE2L2,ORC6
NFE2L2,FRYL
NFE2L2,TFAP4
NFE2L2,PIGK
NFE2L2,UBE3A
NFE2L2,SMARCC2
NFE2L2,TMEM242
NFE2L2,PRPF18
NFE2L2,C10orf88
NFE2L2,PEMT
NFE2L2,CNIH3
NFE2L2,FNDC3A
NFE2L2,CASP9
NFE2L2,LTBP3
NFE2L2,SUN2
NFE2L2,RAB23
NFE2L2,TNRC6B
NFE2L2,HUS1
NFE2L2,PRKCZ
NFE2L2,FAS
NFE2L2,WDR37
NFE2L2,TPST1
NFE2L2,S100A13
NFE2L2,ATR
NFE2L2,TRIM8
NFE2L2,DYNLT3
NFE2L2,TFB1M
NFE2L2,DIMT1
NFE2L2,HEATR3
NFE2L2,WASF1
NFE2L2,NCAPG
NFE2L2,CS
NFE2L2,ATP6AP2
NFE2L2,FAM222B
NFE2L2,SH2B1
NFE2L2,NCAPD3
NFE2L2,EIF4G3
NFE2L2,ARL1
NFE2L2,MAN1A2
NFE2L2,DNAJC2
NFE2L2,DNMBP
NFE2L2,DCLRE1C
NFE2L2,NUDT13
NFE2L2,WWTR1
NFE2L2,RPL15
NFE2L2,SLC33A1
NFE2L2,FANCI
NFE2L2,MPRIP
NFE2L2,EIF2B1
NFE2L2,C5orf15
NFE2L2,DCAKD
NFE2L2,ALDH9A1
NFE2L2,ARHGEF12
NFE2L2,TRIP11
NFE2L2,FIBP
NFE2L2,PTPN11
NFE2L2,CDK17
NFE2L2,SHQ1
NFE2L2,C2CD5
NFE2L2,INTS5
NFE2L2,MRPL16
NFE2L2,GFOD1
NFE2L2,MFAP3
NFE2L2,POMGNT1
NFE2L2,TRIM23
NFE2L2,KCNAB2
NFE2L2,EMC7
NFE2L2,TUBA1B
NFE2L2,COQ9
NFE2L2,SERINC5
NFE2L2,EMP1
NFE2L2,ZFYVE21
NFE2L2,SLC24A1
NFE2L2,FTO
NFE2L2,RPL29
NFE2L2,MFGE8
NFE2L2,FHL1
NFE2L2,GOLPH3L
NFE2L2,PDXK
NFE2L2,CCNF
NFE2L2,ACTL6A
NFE2L2,THYN1
NFE2L2,UBR2
NFE2L2,PPM1H
NFE2L2,ETNPPL
NFE2L2,POLR3G
NFE2L2,KCTD5
NFE2L2,SNX1
NFE2L2,TSNAX
NFE2L2,ZDHHC6
NFE2L2,LAG3
NFE2L2,RBM17
NFE2L2,PRR5
NFE2L2,ETNK1
NFE2L2,TPP2
NFE2L2,PLOD1
NFE2L2,JTB
NFE2L2,C2CD2
NFE2L2,SOX4
NFE2L2,MAP1LC3B
NFE2L2,NDUFA9
NFE2L2,WAC
NFE2L2,MLF2
NFE2L2,PC
NFE2L2,ASF1A
NFE2L2,SIRT1
NFE2L2,PSMD6
NFE2L2,FRAT2
NFE2L2,TNS3
NFE2L2,OAS1
NFE2L2,MNAT1
NFE2L2,MAPK1IP1L
NFE2L2,AURKAIP1
NFE2L2,CDK6
NFE2L2,SNX24
NFE2L2,LRRC40
NFE2L2,COA1
NFE2L2,TCTN3
NFE2L2,TNKS2
NFE2L2,IRF9
NFE2L2,POLR2H
NFE2L2,RRP8
NFE2L2,HMG20A
NFE2L2,NDUFAF1
NFE2L2,CRIP2
NFE2L2,EGR1
NFE2L2,AVPI1
NFE2L2,PRKAR2A
NFE2L2,USP33
NFE2L2,ZNF394
NFE2L2,USP9X
NFE2L2,CNOT1
NFE2L2,OAZ2
NFE2L2,KIAA0040
NFE2L2,CYP51A1
NFE2L2,TMEM260
NFE2L2,MRPS35
NFE2L2,CHP1
NFE2L2,ZNF277
NFE2L2,CXorf56
NFE2L2,PMEL
NFE2L2,MANSC1
NFE2L2,VPS51
NFE2L2,VPS33B
NFE2L2,SEC14L2
NFE2L2,ADIPOR1
NFE2L2,IGF1R
NFE2L2,HERC3
NFE2L2,NEAT1
NFE2L2,DERA
NFE2L2,SLC25A13
NFE2L2,MTERF1
NFE2L2,DYNC1H1
NFE2L2,COG5
NFE2L2,ZNF184
NFE2L2,SLC37A4
NFE2L2,HHAT
NFE2L2,FBXO34
NFE2L2,ACOX3
NFE2L2,COG4
NFE2L2,HSD17B4
NFE2L2,ZBTB3
NFE2L2,DVL3
NFE2L2,CSRNP2
NFE2L2,ALDH3B1
NFE2L2,B3GAT3
NFE2L2,DCP2
NFE2L2,CHST11
NFE2L2,TM2D1
NFE2L2,CAPRIN1
NFE2L2,MTHFS
NFE2L2,VPS4A
NFE2L2,ASNS
NFE2L2,ILK
NFE2L2,IGBP1
NFE2L2,GLI1
NFE2L2,NUDT9
NFE2L2,TMEM106B
NFE2L2,TTC37
NFE2L2,PSME1
NFE2L2,ZNF384
NFE2L2,THAP9-AS1
NFE2L2,TOMM20
NFE2L2,SEC13
NFE2L2,ACP2
NFE2L2,MAZ
NFE2L2,NSA2
NFE2L2,SORT1
NFE2L2,TMEM134
NFE2L2,RIOK2
NFE2L2,RITA1
NFE2L2,YIF1A
NFE2L2,FADS1
NFE2L2,ACOT7
NFE2L2,AQR
NFE2L2,ERP29
NFE2L2,IFI6
NFE2L2,ADO
NFE2L2,NUDT6
NFE2L2,SHCBP1
NFE2L2,NDUFB8
NFE2L2,MUS81
NFE2L2,TXNDC15
NFE2L2,L1CAM
NFE2L2,STIL
NFE2L2,DPF2
NFE2L2,MYO5A
NFE2L2,RPGRIP1L
NFE2L2,MTMR2
NFE2L2,CEP135
NFE2L2,SMG7
NFE2L2,SERF2
NFE2L2,RINT1
NFE2L2,ARL4D
NFE2L2,CDK1
NFE2L2,PCID2
NFE2L2,OGG1
NFE2L2,CHCHD2
NFE2L2,ATP2B4
NFE2L2,PSEN1
NFE2L2,FBXO22
NFE2L2,GALK2
NFE2L2,TFEB
NFE2L2,CDC123
NFE2L2,YTHDF2
NFE2L2,CFL1
NFE2L2,PRIM1
NFE2L2,ORMDL2
NFE2L2,TFB2M
NFE2L2,HERC5
NFE2L2,HMGN3
NFE2L2,UNC93B1
NFE2L2,AAAS
NFE2L2,SUN1
NFE2L2,SLIRP
NFE2L2,RPS10
NFE2L2,ACADVL
NFE2L2,B9D1
NFE2L2,CHMP4A
NFE2L2,TSC22D3
NFE2L2,SSX2IP
NFE2L2,KDM3B
NFE2L2,GNB2
NFE2L2,BBS1
NFE2L2,CHKA
NFE2L2,ATF7IP
NFE2L2,CKAP2
NFE2L2,CLPX
NFE2L2,MAP3K11
NFE2L2,SAR1B
NFE2L2,ZWILCH
NFE2L2,CHTOP
NFE2L2,M6PR
NFE2L2,CDCA4
NFE2L2,NDUFB1
NFE2L2,CTPS1
NFE2L2,ARHGEF2
NFE2L2,PLCB3
NFE2L2,DCLRE1B
NFE2L2,POGLUT1
NFE2L2,HIVEP2
NFE2L2,RBM6
NFE2L2,ANP32E
NFE2L2,NKTR
NFE2L2,SLITRK5
NFE2L2,FKBP3
NFE2L2,SPATA2L
NFE2L2,CDKL3
NFE2L2,FOXD1
NFE2L2,PDS5A
NFE2L2,SRRM1
NFE2L2,TP53TG1
NFE2L2,MAP2K1
NFE2L2,RAP2C
NFE2L2,MEF2A
NFE2L2,RNF6
NFE2L2,TACC3
NFE2L2,PSMB6
NFE2L2,GATM
NFE2L2,APBB3
NFE2L2,ADK
NFE2L2,SLC25A40
NFE2L2,SREK1
NFE2L2,COQ6
NFE2L2,MPHOSPH9
NFE2L2,GLOD4
NFE2L2,COX7A2
NFE2L2,ADAM22
NFE2L2,COX5A
NFE2L2,KIAA0586
NFE2L2,CLPB
NFE2L2,TMEM41B
NFE2L2,NTRK3
NFE2L2,GRIK2
NFE2L2,DPM3
NFE2L2,RPLP2
NFE2L2,ACP6
NFE2L2,PITRM1
NFE2L2,ACBD4
NFE2L2,OGFOD2
NFE2L2,YIPF1
NFE2L2,CHL1
NFE2L2,DICER1
NFE2L2,GRSF1
NFE2L2,CASZ1
NFE2L2,MLYCD
NFE2L2,DESI2
NFE2L2,IKZF5
NFE2L2,DEF8
NFE2L2,BCKDHB
NFE2L2,RPL32
NFE2L2,AAGAB
NFE2L2,MRPS11
NFE2L2,RFX7
NFE2L2,KLHL7
NFE2L2,CCDC7
NFE2L2,PPIE
NFE2L2,VDAC2
NFE2L2,ATP1B3
NFE2L2,SENP3
NFE2L2,GPX1
NFE2L2,ARHGAP19
NFE2L2,REST
NFE2L2,RPL36A
NFE2L2,ITGA7
NFE2L2,PPP2R5B
NFE2L2,ADPGK
NFE2L2,ATF1
NFE2L2,EOGT
NFE2L2,NREP
NFE2L2,DYRK4
NFE2L2,DCAF8
NFE2L2,CPSF6
NFE2L2,PSD
NFE2L2,BAG3
NFE2L2,PARL
NFE2L2,USP8
NFE2L2,ZDHHC17
NFE2L2,UBA3
NFE2L2,BMP8B
NFE2L2,CGGBP1
NFE2L2,GIT1
NFE2L2,SF3B2
NFE2L2,TMPO
NFE2L2,RPL24
NFE2L2,AIM2
NFE2L2,NAGA
NFE2L2,VPS35
NFE2L2,BUB3
NFE2L2,CROCCP2
NFE2L2,ANKH
NFE2L2,MGLL
NFE2L2,MRPS16
NFE2L2,CDR2
NFE2L2,GOLGA3
NFE2L2,ELN
NFE2L2,SMARCC1
NFE2L2,NUDT15
NFE2L2,THUMPD1
NFE2L2,SEC23IP
NFE2L2,IGFBP3
NFE2L2,MAN1A1
NFE2L2,SEC11A
NFE2L2,IQGAP1
NFE2L2,DNAJC3
NFE2L2,ZSCAN16
NFE2L2,POT1
NFE2L2,ZBTB1
NFE2L2,MECR
NFE2L2,DUS4L
NFE2L2,HDAC2
NFE2L2,SCAP
NFE2L2,HSP90B1
NFE2L2,RPP38
NFE2L2,SRRT
NFE2L2,PIAS3
NFE2L2,F11R
NFE2L2,MTCH2
NFE2L2,PIP5K1A
NFE2L2,UQCRQ
NFE2L2,DNAJC9
NFE2L2,SH2B3
NFE2L2,ASPHD1
NFE2L2,NFATC2IP
NFE2L2,DCAF11
NFE2L2,DR1
NFE2L2,DKK1
NFE2L2,NDUFA5
NFE2L2,CRYM
NFE2L2,MGST3
NFE2L2,COASY
NFE2L2,RPL21
NFE2L2,ZNHIT2
NFE2L2,ERCC5
NFE2L2,PRC1
NFE2L2,C1GALT1C1
NFE2L2,NFYC
NFE2L2,AP3S1
NFE2L2,SETMAR
NFE2L2,RPL36AL
NFE2L2,ZDHHC4
NFE2L2,EIF4ENIF1
NFE2L2,ENDOD1
NFE2L2,LRCH4
NFE2L2,G3BP1
NFE2L2,PCCB
NFE2L2,TM9SF2
NFE2L2,SLC9A1
NFE2L2,MAP2K5
NFE2L2,RELA
NFE2L2,OSMR
NFE2L2,SETD1B
NFE2L2,DPY19L1
NFE2L2,VCPKMT
NFE2L2,TAF13
NFE2L2,MRPS31
NFE2L2,KIF18A
NFE2L2,GOLT1B
NFE2L2,PPARD
NFE2L2,TAF10
NFE2L2,USO1
NFE2L2,MIS12
NFE2L2,ICMT
NFE2L2,TMEM9B
NFE2L2,ELP4
NFE2L2,MOSPD3
NFE2L2,CRYZ
NFE2L2,ORC5
NFE2L2,NACA
NFE2L2,LANCL2
NFE2L2,RND1
NFE2L2,POLR2A
NFE2L2,MBTPS2
NFE2L2,MED4
NFE2L2,FBXL15
NFE2L2,PSME2
NFE2L2,TACC2
NFE2L2,BTRC
NFE2L2,UBFD1
NFE2L2,AP1G1
NFE2L2,FIS1
NFE2L2,GTF3C1
NFE2L2,PSPH
NFE2L2,TMED10
NFE2L2,KANSL2
NFE2L2,EIF4A1
NFE2L2,RPL34
NFE2L2,STX6
NFE2L2,EMC6
NFE2L2,ABCD4
NFE2L2,MVD
NFE2L2,MPC2
NFE2L2,CEP97
NFE2L2,MPHOSPH8
NFE2L2,EDRF1
NFE2L2,HNRNPC
NFE2L2,LSG1
NFE2L2,SERPINA3
NFE2L2,SLTM
NFE2L2,MAF
NFE2L2,ZFPL1
NFE2L2,POMP
NFE2L2,SORD
NFE2L2,PWP1
NFE2L2,FKBP14
NFE2L2,PCMT1
NFE2L2,RBM14
NFE2L2,TESC
NFE2L2,CCNB2
NFE2L2,NR2C2
NFE2L2,SFSWAP
NFE2L2,ELOVL6
NFE2L2,SLC6A6
NFE2L2,RNF141
NFE2L2,DYNLL1
NFE2L2,TMEM14A
NFE2L2,EPHB4
NFE2L2,PEX12
NFE2L2,ANXA5
NFE2L2,PTER
NFE2L2,HS3ST1
NFE2L2,EPS15
NFE2L2,SDHC
NFE2L2,GNPAT
NFE2L2,SLC6A15
NFE2L2,RCBTB1
NFE2L2,CLASP2
NFE2L2,RABIF
NFE2L2,VAMP2
NFE2L2,CMTM6
NFE2L2,VPS13D
NFE2L2,ZBED5
NFE2L2,CSNK1G3
NFE2L2,SIK2
NFE2L2,UHRF1BP1L
NFE2L2,CNPY4
NFE2L2,FBXL5
NFE2L2,SH3D21
NFE2L2,CRYL1
NFE2L2,L2HGDH
NFE2L2,SLC7A6
NFE2L2,PSMD2
NFE2L2,UTP3
NFE2L2,SGPP1
NFE2L2,PCDH9
NFE2L2,COPS6
NFE2L2,KIAA0100
NFE2L2,LIN7C
NFE2L2,TMCO3
NFE2L2,NEK4
NFE2L2,FAU
NFE2L2,NENF
NFE2L2,CD151
NFE2L2,FKBP2
NFE2L2,C6orf62
NFE2L2,AK2
NFE2L2,ADIPOR2
NFE2L2,RNF187
NFE2L2,TK2
NFE2L2,GRIA2
NFE2L2,BANF1
NFE2L2,ACSBG1
NFE2L2,PBLD
NFE2L2,TMEM121
NFE2L2,MSX1
NFE2L2,CD96
NFE2L2,SPAG5
NFE2L2,NPTN
NFE2L2,GNL3
NFE2L2,HOXC4
NFE2L2,KIF1C
NFE2L2,NUMB
NFE2L2,LAMC1
NFE2L2,SIRT3
NFE2L2,RPS27L
NFE2L2,SYNGR1
NFE2L2,MAPK8IP3
NFE2L2,COPA
NFE2L2,RPL4
NFE2L2,CDKN1B
NFE2L2,INHBE
NFE2L2,MET
NFE2L2,CA5A
NFE2L2,ZNHIT1
NFE2L2,RPS14
NFE2L2,RBL2
NFE2L2,FAM168A
NFE2L2,SKP1
NFE2L2,TXN2
NFE2L2,EEA1
NFE2L2,RPS6KA1
NFE2L2,PARD6A
NFE2L2,IK
NFE2L2,RPL41
NFE2L2,PIM2
NFE2L2,SSH1
NFE2L2,TMEM258
NFE2L2,SALL1
NFE2L2,SPEN
NFE2L2,GPER1
NFE2L2,TSPAN4
NFE2L2,RASA3
NFE2L2,CREG1
NFE2L2,YAF2
NFE2L2,ALKBH4
NFE2L2,DCLRE1A
NFE2L2,PRPF19
NFE2L2,PER3
NFE2L2,ATF4
NFE2L2,RPP30
NFE2L2,HUWE1
NFE2L2,GDE1
NFE2L2,G3BP2
NFE2L2,RABEP2
NFE2L2,OSBPL10
NFE2L2,FCHSD2
NFE2L2,UNC45A
NFE2L2,CTDSPL
NFE2L2,MPP5
NFE2L2,RPL23A
NFE2L2,KIAA1324
NFE2L2,EIF2S3
NFE2L2,PDGFA
NFE2L2,KRT13
NFE2L2,TIMP4
NFE2L2,FBXO9
NFE2L2,HOXC11
NFE2L2,NUP43
NFE2L2,TMEM11
NFE2L2,SMS
NFE2L2,TRAK1
NFE2L2,CNP
NFE2L2,MIEF1
NFE2L2,RRNAD1
NFE2L2,MCAM
NFE2L2,MPP2
NFE2L2,RBP1
NFE2L2,BCAT1
NFE2L2,GPR137B
NFE2L2,NES
NFE2L2,MIIP
NFE2L2,PDE2A
NFE2L2,RNF10
NFE2L2,CRTAM
NFE2L2,COX6A1
NFE2L2,ZNF23
NFE2L2,UXT
NFE2L2,AGAP2
NFE2L2,KAT5
NFE2L2,EDNRB
NFE2L2,CRY1
NFE2L2,KCNIP2
NFE2L2,DCPS
NFE2L2,NAA40
NFE2L2,MPG
NFE2L2,PARP6
NFE2L2,PUS7
NFE2L2,CTF1
NFE2L2,HHIPL2
NFE2L2,PFAS
NFE2L2,PNPLA2
NFE2L2,DUSP7
NFE2L2,MLX
NFE2L2,TRA2B
NFE2L2,ITPR3
NFE2L2,FBRS
NFE2L2,PCDHA3
NFE2L2,MRPL49
NFE2L2,RAB8B
NFE2L2,WSB2
NFE2L2,PIK3C2B
NFE2L2,SOX13
NFE2L2,PDZRN3
NFE2L2,LOC730101
NFE2L2,HOXA5
NFE2L2,CXCR5
NFE2L2,STX1A
NFE2L2,TWF2
NFE2L2,LARP6
NFE2L2,C1QTNF3
NFE2L2,RPL27A
NFE2L2,TMA7
NFE2L2,HGFAC
NFE2L2,TGDS
NFE2L2,LAMB1
NFE2L2,TM7SF2
NFE2L2,GPR19
NFE2L2,KCNA2
NFE2L2,ABCC10
NFE2L2,ROM1
NFE2L2,AMDHD2
NFE2L2,USP18
EGR1,MRPS34
EGR1,EPHA2
EGR1,AEN
EGR1,CETP
EGR1,MACF1
EGR1,NFAT5
EGR1,ZNF106
EGR1,CDC25A
EGR1,BCAT1
EGR1,BMP6
EGR1,TNFRSF14
EGR1,CKB
EGR1,CYFIP1
EGR1,ATF3
EGR1,ARHGEF2
EGR1,RSL1D1
EGR1,PARL
EGR1,CYBA
EGR1,EBNA1BP2
EGR1,NDUFAF3
EGR1,SLC19A1
EGR1,TRIM26
EGR1,HGFAC
EGR1,APRT
EGR1,GSPT1
EGR1,NME4
EGR1,CHST2
EGR1,CHAC1
EGR1,TIMM8A
EGR1,AMOTL2
EGR1,CRTC3
EGR1,SORD
EGR1,ARL4D
EGR1,CBFA2T3
EGR1,POP7
EGR1,SEMA3G
EGR1,NIPA2
EGR1,CMC2
EGR1,WWP2
EGR1,DVL1
EGR1,TAOK2
EGR1,POLR3E
EGR1,COX5A
EGR1,RNPS1
EGR1,PTCD1
EGR1,NUP153
EGR1,TOB2
EGR1,MED20
EGR1,KLHL21
EGR1,FLOT1
EGR1,SBF1
EGR1,NUP93
EGR1,GNB5
EGR1,ZNF629
EGR1,SF3A1
EGR1,CMTM6
EGR1,POLR2A
EGR1,BLM
EGR1,TMEM97
EGR1,TSC22D2
EGR1,GTF2IRD1
EGR1,POMGNT1
EGR1,SLC11A2
EGR1,SLC41A3
EGR1,DYNC1H1
EGR1,GFOD1
EGR1,MYO1C
EGR1,USP1
EGR1,APOLD1
EGR1,ISG15
EGR1,CERK
EGR1,GEMIN4
EGR1,GPR143
EGR1,MYO1E
EGR1,ADCY1
EGR1,HEBP1
EGR1,RNF8
EGR1,CLCN5
EGR1,ASCC3
EGR1,MEF2A
EGR1,GATA2
EGR1,LSM2
EGR1,UBFD1
EGR1,HOXA1
EGR1,STIL
EGR1,ATF4
EGR1,ASGR1
EGR1,ZDHHC7
EGR1,TSPYL1
EGR1,GGNBP2
EGR1,C1orf174
EGR1,POLQ
EGR1,ZMYM4
EGR1,TFDP2
EGR1,DDI2
EGR1,EPB41L2
EGR1,PANK4
EGR1,AURKAIP1
EGR1,ZNF672
EGR1,SNAPC5
EGR1,RALA
EGR1,CPSF4
EGR1,HSD17B8
EGR1,TAP1
EGR1,TUFM
EGR1,AXIN1
EGR1,PSMD7
EGR1,CSK
EGR1,ADARB1
EGR1,SHCBP1
EGR1,BYSL
EGR1,CENPN
EGR1,CCNF
EGR1,TIPARP
EGR1,HMGN4
EGR1,POLG
EGR1,MRPS35
EGR1,RBM15B
EGR1,SMTN
EGR1,RNF7
EGR1,TSR1
EGR1,MAPK6
EGR1,JUP
EGR1,PTP4A2
EGR1,NIP7
EGR1,FAM131A
EGR1,TFB2M
EGR1,CDK6
EGR1,WBP11
EGR1,METTL1
EGR1,DCTPP1
EGR1,PLSCR3
EGR1,FAM184A
EGR1,ANP32E
EGR1,POLR2C
EGR1,BCAR3
EGR1,CDH15
EGR1,MAP3K6
EGR1,IFRD2
EGR1,TUBA1B
EGR1,NAA50
EGR1,ORC6
EGR1,AKT1
EGR1,TMEM231
EGR1,RRP15
EGR1,NTHL1
EGR1,ARNTL2
EGR1,AKAP9
EGR1,ZZZ3
EGR1,BCR
EGR1,EWSR1
EGR1,PSMG1
EGR1,TUBA1C
EGR1,MRPL28
EGR1,CAV2
EGR1,SIAH1
EGR1,CAPN15
EGR1,DYNC1LI1
EGR1,ARHGEF26
EGR1,ACOT9
EGR1,IDH2
EGR1,NELFA
EGR1,GINS3
EGR1,MBTPS1
EGR1,CDK16
EGR1,RSL24D1
EGR1,PDGFA
EGR1,SFN
EGR1,BAHD1
EGR1,ETV5
EGR1,SETD2
EGR1,YEATS4
EGR1,SNAP23
EGR1,ST3GAL6
EGR1,COG5
EGR1,LIG3
EGR1,ENO3
EGR1,RPL39L
EGR1,PTP4A1
EGR1,TAL1
EGR1,IL2RG
EGR1,ZDHHC14
EGR1,TMEM168
EGR1,MYO6
EGR1,MCM3AP
EGR1,GIT1
EGR1,RBM28
EGR1,SMARCD1
EGR1,STRAP
EGR1,TUBGCP4
EGR1,HAUS3
EGR1,HYAL2
EGR1,AGL
EGR1,POFUT2
EGR1,EXO1
EGR1,TLE3
EGR1,MON1B
EGR1,SYNJ2
EGR1,M6PR
EGR1,ADRA2C
EGR1,PRSS21
EGR1,USP4
EGR1,WDR82
EGR1,BRD2
EGR1,PLK3
EGR1,SRF
EGR1,SLC25A13
EGR1,SIM2
EGR1,RAP2B
EGR1,GNG11
EGR1,ESR1
EGR1,ZBTB18
EGR1,HAX1
EGR1,MDM2
EGR1,SOAT1
EGR1,TAF6
EGR1,PATZ1
EGR1,RBM10
EGR1,CTH
EGR1,SLC19A2
EGR1,PEX1
EGR1,THUMPD1
EGR1,URB2
EGR1,GPBP1L1
EGR1,DBNDD1
EGR1,ATR
EGR1,BATF3
EGR1,RABGAP1L
EGR1,ITPR3
EGR1,CHRNB1
EGR1,NEDD4
EGR1,ZBTB40
EGR1,KIF18B
EGR1,CTPS1
EGR1,BCLAF1
EGR1,THBS1
EGR1,DNAJC2
EGR1,GABPB1
EGR1,STX18
EGR1,LINC00472
EGR1,CEP104
EGR1,COA7
EGR1,GINS2
EGR1,DHODH
EGR1,LTBR
EGR1,MAD1L1
EGR1,ETV4
EGR1,CPPED1
EGR1,SCN5A
EGR1,TMEM50A
EGR1,HOXA10
EGR1,MGA
EGR1,ACBD3
EGR1,GORASP1
EGR1,SLC25A36
EGR1,CCDC85C
EGR1,KPNB1
EGR1,RPUSD2
EGR1,SFMBT1
EGR1,PABPC4
EGR1,MAFF
EGR1,FSCN1
EGR1,RYR3
EGR1,PDCD10
EGR1,TRIT1
EGR1,EIF3J
EGR1,FAM222B
EGR1,STAT5A
EGR1,GSK3B
EGR1,DUS4L
EGR1,GPR176
EGR1,KAT8
EGR1,FOXO3
EGR1,IRX5
EGR1,BCL11B
EGR1,MSL2
EGR1,ARID1A
EGR1,KIF2C
EGR1,MEPCE
EGR1,LYRM1
EGR1,EXOSC7
EGR1,WIF1
EGR1,GID4
EGR1,EMC6
EGR1,ATP13A2
EGR1,PDPK1
EGR1,SMG5
EGR1,ZNF394
EGR1,METTL22
EGR1,TP53BP2
EGR1,PPIH
EGR1,HUWE1
EGR1,MRFAP1L1
EGR1,TGFB1I1
EGR1,B4GALT2
EGR1,TSPO
EGR1,MYCL
EGR1,EIF2D
EGR1,C17orf75
EGR1,RBM48
EGR1,AVEN
EGR1,NSL1
EGR1,MECP2
EGR1,NUDT1
EGR1,CDC7
EGR1,GLYR1
EGR1,GFER
EGR1,OSBPL9
EGR1,TAF11
EGR1,USP22
EGR1,TSC2
EGR1,GRAMD4
EGR1,KLHL18
EGR1,ADIPOR1
EGR1,BAG5
EGR1,SENP3
EGR1,DDAH2
EGR1,PEMT
EGR1,DBR1
EGR1,TPD52L1
EGR1,ZNF263
EGR1,TSPYL4
EGR1,TRPV2
EGR1,SAMM50
EGR1,PIGP
EGR1,DCTN5
EGR1,PHF3
EGR1,PLD1
EGR1,ITGA2B
EGR1,SETD1A
EGR1,KIF15
EGR1,CTDNEP1
EGR1,TMLHE
EGR1,MCAT
EGR1,KLHL36
EGR1,USP24
EGR1,BDH1
EGR1,BAP1
EGR1,DYRK1A
EGR1,MX1
EGR1,DLD
EGR1,TUSC2
EGR1,CMTR1
EGR1,GCAT
EGR1,SREBF2
EGR1,ALKBH4
EGR1,IQCG
EGR1,ATAD3A
EGR1,PELP1
EGR1,MN1
EGR1,SFPQ
EGR1,ZC3H7A
EGR1,CDCA8
EGR1,NKTR
EGR1,TNNC1
EGR1,ECI1
EGR1,PFDN2
EGR1,PIEZO1
EGR1,SSR3
EGR1,CNPY3
EGR1,CEP85
EGR1,POLDIP3
EGR1,FBXO22
EGR1,ZNF23
EGR1,AP1G1
EGR1,AIFM1
EGR1,ZMYM1
EGR1,ALDH3A1
EGR1,DDX19A
EGR1,PDGFB
EGR1,HHAT
EGR1,SLC44A4
EGR1,NUP50
EGR1,DCP1A
EGR1,RAD54L2
EGR1,IQSEC1
EGR1,FBXL8
EGR1,SNN
EGR1,UQCRC1
EGR1,DUSP14
EGR1,LAG3
EGR1,CDCA4
EGR1,TIMM17A
EGR1,GGCT
EGR1,PSMB8
EGR1,CUX1
EGR1,ACTC1
EGR1,EIF2B5
EGR1,LDHB
EGR1,CR2
EGR1,PLEKHH3
EGR1,DPH5
EGR1,HIP1
EGR1,MYO19
EGR1,DYRK3
EGR1,KCNJ12
EGR1,SF3A3
EGR1,AMDHD2
EGR1,KCTD5
EGR1,TESK2
EGR1,RFC2
EGR1,NDUFAF1
EGR1,RPS26
EGR1,TMEM208
EGR1,POLR2H
EGR1,PEX3
EGR1,HSPB7
EGR1,ZC3H7B
EGR1,GCC1
EGR1,NCBP2
EGR1,BRD1
EGR1,PCCB
EGR1,SH3D21
EGR1,KLC1
EGR1,CDK5R1
EGR1,NAA60
EGR1,RANBP10
EGR1,MED1
EGR1,SPATS2
EGR1,APOO
EGR1,UBE2I
EGR1,LIMD1
EGR1,NQO1
EGR1,ZNF668
EGR1,DESI2
EGR1,P4HTM
EGR1,WDR77
EGR1,CENPM
EGR1,CBY1
EGR1,TFR2
EGR1,HOXC6
EGR1,CNKSR1
EGR1,KAZN
EGR1,EMP2
EGR1,SLC24A1
EGR1,WFDC1
EGR1,MFSD1
EGR1,TOP2B
EGR1,ZNF184
EGR1,HMGA2
EGR1,TBL1XR1
EGR1,STK26
EGR1,NADK
EGR1,RTF1
EGR1,NDUFB11
EGR1,NF2
EGR1,PEX12
EGR1,MYNN
EGR1,PACS2
EGR1,ME1
EGR1,GLCE
EGR1,MTA1
EGR1,ICE2
EGR1,TMEM243
EGR1,ALAS1
EGR1,USP19
EGR1,TRRAP
EGR1,RPSA
EGR1,DHDDS
EGR1,DLX5
EGR1,GNL2
EGR1,COBL
EGR1,TMED3
EGR1,PGD
EGR1,WWOX
EGR1,ZFHX3
EGR1,TOMM22
EGR1,RYK
EGR1,AOC3
EGR1,TUFT1
EGR1,TMEM14B
EGR1,ITGB8
EGR1,SIRT5
EGR1,ATP1B3
EGR1,EPS8
EGR1,LMNA
EGR1,PSME3
EGR1,MRPL9
EGR1,POU3F1
EGR1,BECN1
EGR1,ZBTB22
EGR1,KIF1B
EGR1,SRSF3
EGR1,TXLNA
EGR1,THAP11
EGR1,MAP2K3
EGR1,MRPS18A
EGR1,KCNK1
EGR1,DCAF8
EGR1,TFF3
EGR1,GP1BA
EGR1,OGFOD1
EGR1,MXD4
EGR1,HIVEP2
EGR1,POLR2F
EGR1,MECOM
EGR1,MAP3K4
EGR1,SUN1
EGR1,CACYBP
EGR1,RPH3AL
EGR1,PGM3
EGR1,DMTF1
EGR1,OSGIN1
EGR1,CCNB2
EGR1,PDHA1
EGR1,KCNAB1
EGR1,KDM5B
EGR1,LCMT2
EGR1,TFRC
EGR1,HDAC7
EGR1,AHI1
EGR1,GAN
EGR1,PRKRIP1
EGR1,HOXA7
EGR1,LRCH3
EGR1,ORAI2
EGR1,CLSTN1
EGR1,PTPN14
EGR1,TIMM17B
EGR1,SPX
EGR1,PROX1
EGR1,SLC7A6
EGR1,HSPA1A
EGR1,UBE2H
EGR1,MIF
EGR1,ATP6V0B
EGR1,SENP2
EGR1,VOPP1
EGR1,RXRB
EGR1,PAK6
EGR1,PRKAB2
EGR1,MAEA
EGR1,TACC3
EGR1,INTS3
EGR1,NGF
EGR1,ZKSCAN5
EGR1,CLIC1
EGR1,LSM8
EGR1,METTL16
EGR1,SNRPD3
EGR1,ISG20L2
EGR1,DPP8
EGR1,CD47
EGR1,CHTOP
EGR1,DXO
EGR1,TTC3
EGR1,ARRB2
EGR1,RNF11
EGR1,PARVB
EGR1,BRPF1
EGR1,COL18A1
EGR1,QRICH1
EGR1,PBX2
EGR1,TTC19
EGR1,FHIT
EGR1,RAD51D
EGR1,CORO7
EGR1,SNRNP40
EGR1,TBC1D30
EGR1,SCAMP2
EGR1,HIRA
EGR1,NPY
EGR1,TEAD3
EGR1,ASIC1
EGR1,LRP8
EGR1,NR2C2
EGR1,BACE2
EGR1,GLI1
EGR1,ATG4A
EGR1,PER1
EGR1,BLVRA
EGR1,P2RX5
EGR1,HES1
EGR1,MRS2
EGR1,ECE1
EGR1,MAN2A2
EGR1,SLC6A6
EGR1,NUP88
EGR1,CBLN1
EGR1,KATNB1
EGR1,MBNL1
EGR1,CYB5R1
EGR1,CTDSP2
EGR1,JAG2
EGR1,FURIN
EGR1,DEXI
EGR1,EPHB2
EGR1,SIVA1
EGR1,DNMT3L
EGR1,ELK4
EGR1,IL21R
EGR1,MDC1
EGR1,TBC1D10B
EGR1,CBX7
EGR1,ZWILCH
EGR1,HOXC10
EGR1,AP2B1
EGR1,SLC16A7
EGR1,SLC35A2
EGR1,WDR45
EGR1,NEK4
EGR1,BCOR
EGR1,UBL4A
EGR1,LONRF3
EGR1,SCARF1
EGR1,SNIP1
EGR1,PHKG1
EGR1,MPZL1
EGR1,FHL3
EGR1,MLC1
EGR1,KCND3
EGR1,STAT5B
EGR1,DPM3
EGR1,SSBP3
EGR1,SYNM
EGR1,NTRK3
EGR1,TOX3
EGR1,HOXC8
EGR1,EHMT2
EGR1,MSX1
EGR1,TNFAIP2
EGR1,PLP2
EGR1,CHIT1
EGR1,DHRS11
EGR1,GAS2L1
EGR1,COL2A1
EGR1,VPS4A
EGR1,PDE10A
EGR1,RGS12
EGR1,RPL3L
EGR1,RUNX1
EGR1,TAF1C
EGR1,ACAP1
EGR1,LY6G6D
EGR1,USP18
EGR1,GTSE1
EGR1,MASP2
EGR1,NES
EGR1,ZFYVE21
EGR1,AP1S1
EGR1,PKD1
EGR1,DNASE1L1
EGR1,MYH9
EGR1,RNF4
EGR1,CDH5
EGR1,PFDN6
EGR1,LTN1
EGR1,TRIM17
EGR1,C2CD2
EGR1,RBM8A
ETV1,RBM22
ETV1,SHC1
ETV1,ETV1
ETV1,ZYX
ETV1,FBXO38
ETV1,MORN1
ETV1,ATP7A
ETV1,HRH1
ETV1,COPS3
ETV1,PRKD2
ETV1,PALB2
ETV1,HSPA8
ETV1,BHLHE40
ETV1,STX1A
ETV1,PODNL1
ETV1,GFAP
ETV1,ACSS3
ETV1,MAGI2
ETV1,KLF6
ETV1,RANGAP1
ETV1,SMAD3
ETV1,TNFSF14
ETV1,SMG9
ETV1,NTSR1
ETV1,IL13RA2
ETV1,HIPK2
ETV1,GOSR2
ETV1,KRT19
ETV1,NREP
ETV1,TMEM161A
ETV1,NDUFS6
ETV1,SLCO4A1
ETV1,BIRC2
ETV1,TAF1
ETV1,DCAF15
ETV1,CARS2
ETV1,TNPO3
ETV1,EIF3G
ETV1,SNAP29
ETV1,EPN1
ETV1,SERPINB8
ETV1,MCM7
ETV1,RIN1
ETV1,STARD3
ETV1,HOMER3
ETV1,ADRM1
ETV1,SIRT6
ETV1,UPP1
ETV1,DDX27
ETV1,NCBP1
ETV1,TBRG4
ETV1,PI4KA
ETV1,EXOC5
ETV1,MAN2C1
ETV1,SF3A3
ETV1,ARHGDIA
ETV1,RBM34
ETV1,CD2BP2
ETV1,SCNM1
ETV1,SP1
ETV1,PPCDC
ETV1,SMARCD2
ETV1,ALDOA
ETV1,RAD50
ETV1,SEC14L1
ETV1,CREM
ETV1,RPS17
ETV1,KIAA0753
ETV1,AP3B2
ETV1,BFSP1
ETV1,FZR1
ETV1,SPRY4
ETV1,USP39
ETV1,KDM5C
ETV1,NUDCD3
ETV1,PSMF1
ETV1,TAF13
ETV1,EXOC2
ETV1,MRPL24
ETV1,TBL3
ETV1,MDM4
ETV1,GRAP2
ETV1,KCTD15
ETV1,PIGL
ETV1,SNX5
ETV1,DIS3
ETV1,ITGA2
ETV1,NKIRAS2
ETV1,IBA57
ETV1,SFSWAP
ETV1,LAMA4
ETV1,NECAP2
ETV1,TLN1
ETV1,KANSL3
ETV1,PGS1
ETV1,UBA52
ETV1,GAS8
ETV1,SENP7
ETV1,GSTM4
ETV1,WDR55
ETV1,GRB7
ETV1,ZNF335
ETV1,KREMEN2
ETV1,KIAA0319L
ETV1,AHCY
ETV1,RORC
ETV1,ZFP36L2
ETV1,MUS81
ETV1,ECI1
ETV1,CHD1L
ETV1,RAPGEF4
ETV1,DNAJC7
ETV1,WDR73
ETV1,FXYD3
ETV1,CCNT1
ETV1,CENPT
ETV1,PRDM10
ETV1,ICE2
ETV1,RARG
ETV1,GUCY1B2
ETV1,DDX5
ETV1,WDR78
ETV1,ANGPTL4
ETV1,ZBTB7B
ETV1,PDE11A
ETV1,GAB2
ETV1,E2F1
ETV1,CELSR1
ETV1,CSF3
ETV1,HSPA4
ETV1,HIRIP3
ETV1,REN
ETV1,SYTL2
ETV1,ST7L
ETV1,PAQR4
ETV1,AP4M1
ETV1,MAST4
ETV1,TRIB3
ETV1,KBTBD2
ETV1,SERPINE1
ETV1,NAA10
ETV1,LOX
ETV1,CCDC102B
ETV1,MYBL1
ETV1,TPD52
ETV1,MRGBP
ETV1,TMX4
ETV1,PHF10
ETV1,FLT1
ETV1,CDH3
ETV1,CACNA1F
ETV1,CLDN6
ETV1,EIF1
ETV1,RRM2
ETV1,CA6
ETV1,GNG12
ETV1,ADIRF
ETV1,AHCTF1
ETV1,CKS2
ETV1,ARID5B
ETV1,LINC00474
ETV1,HTRA1
ETV1,LOXL3
ETV1,ADORA3
ETV1,MCAM
ETV1,GAS8-AS1
ETV1,PEAK1
ETV1,TXNL1
ETV1,CALHM2
ETV1,HTR1B
ETV1,FRMD8
ETV1,RIPK1
ETV1,DHRS3
ETV1,TIMP2
ETV1,MOCOS
ETV1,PLIN2
ETV1,RS1
ETV1,CAMK2N1
ETV1,OPRD1
ETV1,SLC12A6
ETV1,LMAN1L
ETV1,SCRN1
ETV1,SERPIND1
ETV1,DYNLRB1
ETV1,ST6GALNAC4
ETV1,KCNN3
ETV1,PLAU
ETV1,MAPK8IP1
ETV1,MBL2
ETV1,HRH2
ETV1,NARF
ETV1,RAPGEF3
ETV1,HPCAL1
ETV1,RTEL1
ETV1,DOT1L
ETV1,B3GNT3
ETV1,NFKBIL1
ETV1,PPP1R14B
ETV1,PDE4B
ETV1,PDLIM7
ETV1,KLRK1
ETV1,PCGF1
ETV1,COL19A1
ETV1,CHRNB2
ETV1,RNF39
ETV1,TUBA4B
ETV1,GRAMD1C
ETV1,EGOT
ETV1,TYROBP
ETV1,GABRR2
ETV1,SDC1
ETV1,ABLIM1
ETV1,BTG1
ETV1,PSCA
ETV1,KRT31
ETV1,STK10
ETV1,NOL12
ETV1,GNG4
ETV1,DHX16
ETV1,ANXA1
ETV1,DOHH
ETV1,GNG13
ETV1,BMP5
ETV1,POLD1
ETV1,KIF20B
ETV1,VEGFB
ETV1,PLA2R1
ETV1,SNED1
ETV1,TP53I3
ETV1,AP5S1
ETV1,SVIL
ETV1,APOD
ETV1,PRAF2
ETV1,TGIF1
ETV1,COX8A
ETV1,S100A6
ETV1,TM4SF1
ETV1,ELK3
ETV1,EREG
ETV1,WDR45
ETV1,LPXN
ETV1,SLC22A18
ETV1,KDSR
ETV1,ZDHHC4
ETV1,ARHGAP1
ETV1,TAF11
ETV1,USP4
ETV1,MIA
ETV1,PHLDA1
ETV1,TUFM
ETV1,VPS37B
ETV1,SEMA3B
ETV1,POLG2
ETV1,AKIRIN1
ETV1,MYL6B
ETV1,DGUOK
ETV1,KLHL20
ETV1,RBM47
ETV1,USP33
ETV1,TMEM223
ETV1,RPS26
ETV1,ITGA3
ETV1,PLK4
ETV1,CLTC
ETV1,SERPINB1
ETV1,KIF11
ETV1,VPS13B
ETV1,ABCC3
ETV1,MLLT11
ETV1,JUNB
ETV1,NIP7
ETV1,STAT6
ETV1,ZNF518A
ETV1,TSG101
ETV1,PRR7
ETV1,ATP2B4
ETV1,PFKM
ETV1,DECR1
ETV1,CSNK1E
ETV1,AMOTL2
ETV1,HMG20A
ETV1,RHOF
ETV1,PLGRKT
ETV1,ERBB3
ETV1,RRAS
ETV1,CLASP1
ETV1,PPP1R15A
ETV1,IER3
ETV1,DNAAF2
ETV1,BCL2L1
ETV1,STMN2
ETV1,HES1
ETV1,POLD4
ETV1,ST6GAL1
ETV1,GRK5
ETV1,GLS
ETV1,EGR1
ETV1,BCOR
ETV1,ENO3
ETV1,S100A10
ETV1,ETHE1
ETV1,G3BP2
ETV1,KYNU
ETV1,TRIM8
ETV1,TNFRSF12A
ETV1,ETFB
ETV1,HMG20B
ETV1,BZW1
ETV1,NRP2
ETV1,PLEC
ETV1,PDLIM4
ETV1,MET
ETV1,RAB5B
ETV1,NEDD4L
ETV1,FSCN1
ETV1,TSPAN1
ETV1,BACE2
ETV1,FZD7
ETV1,TRPM4
ETV1,NFIB
ETV1,ST3GAL5
ETV1,ZC3H13
ETV1,ID1
ETV1,LIF
ETV1,SEC24D
ETV1,PKM
ETV1,MRFAP1L1
ETV1,TSPAN3
ETV1,ZNF589
ETV1,TGFBI
ETV1,EDEM1
ETV1,DUSP4
ETV1,PACSIN3
ETV1,PMEPA1
ETV1,SLC16A5
ETV1,SOCS5
ETV1,TESC
ETV1,GALE
ETV1,AP2B1
ETV1,TNC
ETV1,SULT1A2
ETV1,BECN1
ETV1,S100A4
ETV1,CDC23
ETV1,PHACTR4
ETV1,RUNX3
ETV1,CAAP1
ETV1,DNAJB1
ETV1,MCL1
ETV1,SPRED2
ETV1,TADA3
ETV1,PTPN12
ETV1,BICD1
ETV1,SLC2A3
ETV1,EHBP1L1
ETV1,VGLL4
ETV1,YAP1
ETV1,EPB41L2
ETV1,KLF10
ETV1,PRMT3
ETV1,MT2A
ETV1,NUP107
ETV1,PPP1R11
ETV1,KBTBD4
ETV1,TUBB3
ETV1,ACOT7
ETV1,ITGB1
ETV1,NDUFS3
ETV1,SLC39A1
ETV1,EOGT
ETV1,INPP5F
ETV1,NUP54
ETV1,SPG11
ETV1,BCL3
ETV1,CST3
ETV1,ATR
ETV1,GSN
ETV1,ARAP1
ETV1,PHB2
ETV1,MRPS31
ETV1,GOLPH3
ETV1,TBC1D2
ETV1,NT5C
ETV1,LTBR
ETV1,GPX1
ETV1,PFN1
ETV1,PCCA
ETV1,UTP3
ETV1,POLI
ETV1,TRMT12
ETV1,RBM3
ETV1,GTF3C2
ETV1,NQO1
ETV1,CAP1
ETV1,GALK2
ETV1,NCAPG
ETV1,TNFRSF10B
ETV1,U2SURP
ETV1,DOCK5
ETV1,PPP1CA
ETV1,NGRN
ETV1,AP1S2
ETV1,STAT1
ETV1,PSMD12
ETV1,SOS2
ETV1,SLC7A6
ETV1,CHERP
ETV1,ICAM1
ETV1,TSPAN14
ETV1,KCTD5
ETV1,PRKAG1
ETV1,SNF8
ETV1,TM9SF3
ETV1,TLE3
ETV1,RPL12
ETV1,NR4A1
ETV1,NOP10
ETV1,USP1
ETV1,ALG13
ETV1,PKD2
ETV1,SEC16A
ETV1,KDM5A
ETV1,PARP4
ETV1,TCTN3
ETV1,PLOD3
ETV1,SLC38A10
ETV1,DMTF1
ETV1,U2AF2
ETV1,GLB1L
ETV1,TUBA1C
ETV1,STX10
ETV1,ARHGAP19
ETV1,ZNF384
ETV1,ZFP64
ETV1,LIG4
ETV1,LINC00339
ETV1,RARA
ETV1,PEMT
ETV1,PEX12
ETV1,CPT2
ETV1,RPL21
ETV1,RER1
ETV1,AURKAIP1
ETV1,TRAF4
ETV1,RPS27A
ETV1,EMC8
ETV1,KLHL9
ETV1,DCAF16
ETV1,GIT2
ETV1,ELMO1
ETV1,ATF1
ETV1,ACOX3
ETV1,NDC1
ETV1,FKBP1A
ETV1,RPL37
ETV1,ARPC3
ETV1,PCGF2
ETV1,KPNA4
ETV1,TGFA
ETV1,VWA5A
ETV1,YWHAB
ETV1,NIF3L1
ETV1,IMPA1
ETV1,SCAND1
ETV1,ACTB
ETV1,AP5M1
ETV1,TUBA1B
ETV1,SLC35G2
ETV1,TMC5
ETV1,CFL1
ETV1,PCBP1
ETV1,MYO1C
ETV1,C2orf42
ETV1,DAXX
ETV1,CDK2AP1
ETV1,HNRNPR
ETV1,DR1
ETV1,IRF2
ETV1,HR
ETV1,RPL18
ETV1,ALKBH4
ETV1,HHAT
ETV1,SLC35E1
ETV1,CIDEC
ETV1,WASL
ETV1,POMP
ETV1,TOR1AIP1
ETV1,TMEM248
ETV1,SNX10
ETV1,CPOX
ETV1,DNMBP
ETV1,COX4I1
ETV1,ERLIN1
ETV1,MAD2L1
ETV1,HKDC1
ETV1,BIN3
ETV1,CD59
ETV1,LTBP3
ETV1,RRNAD1
ETV1,USP9X
ETV1,RIPK4
ETV1,CSRP1
ETV1,TMEM62
ETV1,EMP3
ETV1,CYTH2
ETV1,TMED2
ETV1,SETX
ETV1,ARFGAP3
ETV1,CCDC106
ETV1,KANK1
ETV1,CLN5
ETV1,AHNAK2
ETV1,GLYR1
ETV1,UBAP1
ETV1,TNS3
ETV1,SMARCD1
ETV1,KCNN4
ETV1,SYNJ2
ETV1,KRT15
ETV1,AKAP10
ETV1,MYL12B
ETV1,NBN
ETV1,COL7A1
ETV1,ZZZ3
ETV1,RPS6KA3
ETV1,NCDN
ETV1,HOOK2
ETV1,SNX24
ETV1,HOXC4
ETV1,SPRY2
ETV1,DBNDD1
ETV1,HOXC6
ETV1,DRAP1
ETV1,APEH
ETV1,CEP170
ETV1,CASKIN2
ETV1,CTSB
ETV1,SLC25A11
ETV1,SCP2
ETV1,THAP11
ETV1,TXNRD1
ETV1,MAN2B1
ETV1,DVL1
ETV1,S100A2
ETV1,NETO2
ETV1,NSL1
ETV1,PHC2
ETV1,CYC1
ETV1,BMI1
ETV1,PLOD1
ETV1,IL10
ETV1,PXN
ETV1,LMF1
ETV1,STARD13
ETV1,CLIP4
ETV1,SSH1
ETV1,UBE2E3
ETV1,TNFAIP8
ETV1,RALGDS
ETV1,PMP22
ETV1,ZCCHC24
ETV1,GADD45A
ETV1,ANGPT1
ETV1,BBC3
ETV1,MAD1L1
ETV1,OPA3
ETV1,LGALS1
ETV1,EDNRB
ETV1,MAP3K9
ETV1,CIT
ETV1,PLEKHA4
ETV1,LAMB1
ETV1,RPS6KA1
ETV1,HRC
ETV1,HCFC1R1
ETV1,ARHGEF2
ETV1,PDE4D
ETV1,MALT1
ETV1,TP53
ETV1,ITGB5
ETV1,SQSTM1
ETV1,SPINT2
ETV1,RFX7
ETV1,LAMC2
ETV1,TNFRSF1B
ETV1,OTUD4
ETV1,SRPX
ETV1,VAV3
ETV1,ITGB3
ETV1,KIAA0040
ETV1,TRIOBP
ETV1,TM4SF20
ETV1,C1QTNF1
ETV1,PLAT
ETV1,MAPK13
ETV1,ZBTB22
ETV1,LY6E
ETV1,ISLR
ETV1,EML3
ETV1,CXCL6
ETV1,INF2
ETV1,F2RL1
ETV1,IL24
ETV1,PLK3
ETV1,TBXAS1
ETV1,ACTN4
ETV1,GSAP
ETV1,ODC1
ETV1,NPR1
ETV1,AHNAK
ETV1,HMGA1
ETV1,DCPS
ETV1,RPS2
ETV1,WDR13
ETV1,PSAP
ETV1,FIS1
ETV1,TPCN1
ETV1,LRP1
ETV1,ACBD4
ETV1,DUSP7
ETV1,P3H1
ETV1,RERE
ETV1,GPRC5A
ETV1,RYK
ETV1,TRAF1
ETV1,NAA15
ETV1,RC3H2
ETV1,IRX5
ETV1,ABHD14A
ETV1,TUBA4A
ETV1,NLK
ETV1,TRIP6
ETV1,RWDD3
ETV1,ZBTB11
ETV1,PART1
ETV1,KAZALD1
ETV1,MAP1LC3B
ETV1,TYR
ETV1,MYBPC1
ETV1,TTC19
ETV1,TECR
AR,PKM
AR,HMGA2
AR,DPY19L4
AR,LEPR
AR,NEK7
AR,APOLD1
AR,ACP6
AR,OPN3
AR,GPRC5A
AR,INPP5F
AR,NPC2
AR,ANKRD10
AR,CMAHP
AR,S100A4
AR,TMEM126B
AR,TP53
AR,DDIT4
AR,SFXN3
AR,CELSR3
AR,OSBPL8
AR,CD59
AR,CTNNB1
AR,PSIP1
AR,SUN2
AR,TSPAN31
AR,AGA
AR,RGS20
AR,MRPL48
AR,SGMS1
AR,CORO2B
AR,ERAP2
AR,VANGL1
AR,FAM111A
AR,WDR41
AR,CHSY1
AR,ACADM
AR,MFGE8
AR,CLN5
AR,PARP4
AR,NUDT6
AR,ANGPT1
AR,ZNHIT3
AR,MIS12
AR,GGNBP2
AR,CDCA3
AR,AMFR
AR,PIP4K2A
AR,TOP2A
AR,CCDC85B
AR,PRC1
AR,PIGC
AR,CRYZ
AR,RHOT1
AR,TUBGCP3
AR,SYPL1
AR,ERBB3
AR,B2M
AR,CD74
AR,SLC4A4
AR,PGM1
AR,ZNF384
AR,SLC35A5
AR,CKAP2
AR,SSBP2
AR,SMIM8
AR,MRPL57
AR,ARL6IP1
AR,MCM2
AR,FLOT2
AR,UQCRC2
AR,CD58
AR,DUSP10
AR,ANKRD28
AR,ETV1
AR,CNOT8
AR,RAB13
AR,ARPC5
AR,PIP4K2B
AR,STMN2
AR,ARL6IP5
AR,RAN
AR,MPRIP
AR,CEP55
AR,LMNB1
AR,CDK1
AR,RPL10A
AR,IER3
AR,LYST
AR,ARL2
AR,GRHPR
AR,POGK
AR,NPM1
AR,RHOA
AR,FOXD1
AR,ASPM
AR,RPL26
AR,ARNTL2
AR,AP3S1
AR,STOML2
AR,CKLF
AR,METTL3
AR,B4GAT1
AR,SCD
AR,PNPLA3
AR,POLB
AR,NUP54
AR,SHOC2
AR,UPF3A
AR,ALX1
AR,SERPINB6
AR,TNS2
AR,MELK
AR,TCEA1
AR,RSBN1
AR,NPTN
AR,MRPL3
AR,DUSP4
AR,AHI1
AR,ZNF318
AR,AVPI1
AR,SGPL1
AR,SSRP1
AR,HERPUD1
AR,KIF20A
AR,BBIP1
AR,KIF23
AR,SLC25A32
AR,INPP5A
AR,REPIN1
AR,ITGB5
AR,INSIG1
AR,FZD6
AR,EXOSC8
AR,DNAJC8
AR,PHB2
AR,DIAPH1
AR,IL1RAP
AR,EIF1B
AR,TLR4
AR,NCOR2
AR,KIF15
AR,RACGAP1
AR,CSTB
AR,EXOC1
AR,S100A11
AR,PTGES3
AR,CD63
AR,SCYL3
AR,MGST3
AR,BUB3
AR,FBXL15
AR,KIF18A
AR,ELOVL6
AR,CNTLN
AR,STK3
AR,DDHD2
AR,KIF20B
AR,YWHAZ
AR,M6PR
AR,AP3B1
AR,PBK
AR,PDE8A
AR,PEX11B
AR,USP12
AR,SREBF2
AR,PIP5K1A
AR,TSTA3
AR,PI4KA
AR,MAF
AR,ARF3
AR,TM2D3
AR,PTP4A1
AR,TMEM106C
AR,GLRX3
AR,SPTAN1
AR,SMAD6
AR,ITGA10
AR,ZMIZ1
AR,CAND1
AR,SREK1
AR,PRMT2
AR,RYK
AR,METRN
AR,RAB11FIP3
AR,TMEM168
AR,LRIF1
AR,WDR61
AR,SPAG7
AR,MTHFS
AR,CFAP20
AR,PCBP2
AR,DNM3
AR,RPL11
AR,RHBG
AR,RPL3
AR,EDIL3
AR,SYBU
AR,SENP3
AR,ZWILCH
AR,IDH3A
AR,TAF7
AR,COPS5
AR,ARGLU1
AR,CDKN1B
AR,RASA1
AR,ZMYM3
AR,HIP1
AR,RAB11A
AR,CRY1
AR,FBN1
AR,ALG5
AR,FAM172A
AR,NDUFAB1
AR,RPS26
AR,VAMP4
AR,PDS5A
AR,SMARCA2
AR,DIXDC1
AR,FABP5
AR,TEX30
AR,CLK2
AR,FAM3C
AR,CENPF
AR,GMPR2
AR,CENPM
AR,ZCCHC24
AR,SHQ1
AR,GTF2A2
AR,CEP170
AR,PUS7L
AR,MCM4
AR,BCAR3
AR,CIB1
AR,VPS37B
AR,KDM3B
AR,HOXC6
AR,WDR11
AR,CPNE3
AR,RAB28
AR,FKBP3
AR,RNF130
AR,VPS28
AR,KLHL9
AR,ST3GAL6
AR,IMPA1
AR,AP1S2
AR,DLG4
AR,PRRG1
AR,DCUN1D2
AR,PLSCR4
AR,HUWE1
AR,ATF6
AR,PRDX3
AR,PPP3CB
AR,JADE2
AR,EPHA3
AR,SDF2
AR,KPNA3
AR,ANKRD46
AR,RCHY1
AR,ADK
AR,ETNK1
AR,CCNL1
AR,UBA3
AR,ARFIP2
AR,MBTPS2
AR,HDAC2
AR,EFCAB2
AR,TTC33
AR,PPARG
AR,HEXB
AR,FTSJ1
AR,HELLS
AR,SYT11
AR,AMD1
AR,SRSF5
AR,SLC1A3
AR,ITGB3
AR,ANXA11
AR,RBM7
AR,PLGRKT
AR,TAF1D
AR,HMGN2
AR,GIT1
AR,PPP1R8
AR,TTC1
AR,CLDND1
AR,MYO1C
AR,SIAH2
AR,DEPDC1
AR,ZFC3H1
AR,RAD54B
AR,CDC42SE1
AR,PCID2
AR,RPS8
AR,CD164
AR,CAMKV
AR,MOCS2
AR,CIT
AR,TM7SF2
AR,JAKMIP2
AR,NSMCE4A
AR,GOLPH3
AR,ASH2L
AR,GABARAPL2
AR,ENC1
AR,ATP8A1
AR,ERCC8
AR,EEF1D
AR,PHLDA1
AR,COMMD8
AR,PTPN12
AR,LTBP2
AR,RUSC1
AR,CUEDC2
AR,FUS
AR,GANAB
AR,ICMT
AR,TIMP3
AR,SCAMP1
AR,DECR2
AR,SPDL1
AR,FOXJ2
AR,HOXC4
AR,ALG8
AR,GATB
AR,RSRP1
AR,YTHDC2
AR,PRR14
AR,RPL10
AR,TAB2
AR,DLGAP5
AR,PEX19
AR,CENPE
AR,USP1
AR,ADD1
AR,TRAM1
AR,PTEN
AR,TFAP4
AR,PCMT1
AR,POLR2A
AR,NR2C1
AR,MICU1
AR,UBP1
AR,COQ2
AR,HPD
AR,NR3C1
AR,CST6
AR,TCERG1
AR,GIN1
AR,KIAA0586
AR,TIAM1
AR,VPS13D
AR,STAC
AR,HOXA4
AR,LTBR
AR,TRAF1
AR,MUS81
AR,C10orf88
AR,ALDH7A1
AR,FAM114A2
AR,PLK1
AR,TSC22D1
AR,FANCG
AR,PIK3R4
AR,CHUK
AR,NUP205
AR,CBX3
AR,WNT5A
AR,ZNF32
AR,RIC8B
AR,RMND1
AR,RCL1
AR,DHRS1
AR,MPHOSPH6
AR,PIGK
AR,CORO1C
AR,ZDHHC6
AR,MFSD1
AR,DNAJB6
AR,TCF25
AR,HNRNPA2B1
AR,KLF12
AR,GALNT2
AR,CACNG3
AR,KLF9
AR,KCTD3
AR,RHOBTB3
AR,RPL36A
AR,TBP
AR,NABP2
AR,RRNAD1
AR,TJP1
AR,SNX24
AR,POLE2
AR,KCNAB2
AR,DHRS3
AR,MED18
AR,PITX2
AR,MPC2
AR,MAP2K5
AR,DSE
AR,SPG21
AR,HSPG2
AR,KLHDC2
AR,CAMLG
AR,TAGLN2
AR,LSM3
AR,CASD1
AR,TMBIM4
AR,WDR76
AR,MLF2
AR,STAT6
AR,NR1H3
AR,FBXO5
AR,H6PD
AR,CCDC90B
AR,CASP7
AR,STX12
AR,PCF11
AR,GK
AR,SETMAR
AR,METTL18
AR,UQCRH
AR,THAP9-AS1
AR,RPL5
AR,CDC25C
AR,EXD2
AR,RPL8
AR,ALDH3B1
AR,HIRIP3
AR,SNTB1
AR,ID3
AR,COPS4
AR,LACTB2
AR,EIF4A1
AR,BACE1
AR,HNRNPH1
AR,GPR37
AR,RMDN1
AR,WASF1
AR,IRF2
AR,KIFAP3
AR,DYNLL1
AR,ARHGEF17
AR,ST6GAL1
AR,ZFAND6
AR,ZYX
AR,STK17A
AR,ATF4
AR,MAP3K8
AR,ANGEL2
AR,PLCD1
AR,ZNF7
AR,DNA2
AR,AHR
AR,SRPK2
AR,VWA8
AR,DCAF8
AR,RMI1
AR,SLC25A3
AR,RGS7
AR,LIMA1
AR,GLT8D1
AR,TMEM231
AR,HIGD1A
AR,SSH3
AR,C1orf61
AR,FOXD2
AR,MPG
AR,SNAPC3
AR,ANKRA2
AR,THEM6
AR,EPB41L2
AR,PGK1
AR,SEPHS1
AR,VPS9D1
AR,THYN1
AR,SLC1A1
AR,NPAS3
AR,PTTG1
AR,CALCOCO1
AR,ASPH
AR,RBM3
AR,CENPU
AR,POLR2C
AR,LIG4
AR,ZNF767P
AR,EIF5A
AR,TNFSF13
AR,ADAM19
AR,HPS6
AR,SLC25A11
AR,TEFM
AR,MTMR11
AR,TWISTNB
AR,BLM
AR,MYBL1
AR,P3H3
AR,TMCO3
AR,EDEM1
AR,EFCAB14
AR,FAM114A1
AR,CHN2
AR,CYB5B
AR,FIBP
AR,SPAG5
AR,APC
AR,GSE1
AR,ZNF451
AR,CCT5
AR,GPSM2
AR,STX1A
AR,YTHDF2
AR,ANXA5
AR,TMCO6
AR,ZNF34
AR,ZNF783
AR,DCPS
AR,DPH5
AR,FGFR1OP
AR,EPM2A
AR,ZDHHC17
AR,TSEN2
AR,SUPT6H
AR,SATB1
AR,ZNF277
AR,RING1
AR,RNFT2
AR,FKBP14
AR,SYN1
AR,NEDD4
AR,APPL1
AR,LTA4H
AR,TMEM59
AR,COA1
AR,OCRL
AR,C5orf15
AR,KLHL20
AR,TDRD7
AR,PON2
AR,EPS8
AR,ATG3
AR,PFDN5
AR,TERF2
AR,PREP
AR,LGALS1
AR,FAN1
AR,RPS27
AR,TMEM165
AR,SEMA3A
AR,ATG5
AR,MAP3K4
AR,PPP2CA
AR,MRPL46
AR,TAF15
AR,MSL1
AR,GBF1
AR,RAB5C
AR,FKBP10
AR,NEDD8
AR,COG2
AR,DARS2
AR,MPP5
AR,TMEM134
AR,NPM3
AR,ZC3H7A
AR,ALG6
AR,MADD
AR,RUFY2
AR,CTDNEP1
AR,SON
AR,DPYSL2
AR,SPARC
AR,FKBP9
AR,RNF146
AR,HIPK1
AR,CBX5
AR,NRAS
AR,NDST2
AR,IMPDH2
AR,TARDBP
AR,CMC2
AR,EIF4G2
AR,HNRNPR
AR,RWDD1
AR,NME3
AR,DNAJC24
AR,RIN1
AR,MT2A
AR,CEMIP
AR,CRYL1
AR,GSTA4
AR,ZNF410
AR,RCOR3
AR,EIF2B1
AR,CDK19
AR,RPL35
AR,ATP6V1B2
AR,SLC25A46
AR,CREBL2
AR,ACACA
AR,NSA2
AR,MAP4
AR,USO1
AR,STUB1
AR,KCNIP2
AR,PALB2
AR,UBE2D2
AR,HMMR
AR,PDCD6IP
AR,HDAC3
AR,GSTZ1
AR,CDK2
AR,OSBPL3
AR,CPLX2
AR,BRD8
AR,PPA2
AR,CENPJ
AR,DLST
AR,MRPS33
AR,MPHOSPH9
AR,WRAP53
AR,NDUFB6
AR,ACSL5
AR,ERLIN1
AR,BICD1
AR,SIGMAR1
AR,ACO1
AR,SLC26A6
AR,ATG10
AR,IPO8
AR,YME1L1
AR,EIF3E
AR,TROAP
AR,BRCA2
AR,FGF9
AR,CMTM6
AR,DUSP12
AR,FTO
AR,CS
AR,MBNL1
AR,ECE1
AR,ASAH1
AR,TADA3
AR,ATF7
AR,GABRG2
AR,LTBP3
AR,FAM189B
AR,SUCLG2
AR,OGDHL
AR,SCP2
AR,VAT1
AR,DCLRE1B
AR,S100PBP
AR,SACS
AR,IGF1R
AR,ACTR10
AR,TMED2
AR,BECN1
AR,CLPX
AR,RPF1
AR,MECR
AR,PTPN13
AR,PSCA
AR,NRF1
AR,C11orf71
AR,RAB5A
AR,NRIP1
AR,LIAS
AR,IREB2
AR,HNRNPUL2
AR,ISG15
AR,SS18L2
AR,RPL21
AR,ATP1B2
AR,PXMP2
AR,WWOX
AR,TSPAN3
AR,RPL7
AR,PRPF8
AR,SERP1
AR,TMEM43
AR,LZTFL1
AR,QSER1
AR,CALHM2
AR,MRPL40
AR,RPS6KA1
AR,PPP1R12A
AR,AAAS
AR,MAT2B
AR,FMO4
AR,TTC13
AR,NT5M
AR,MKRN2
AR,ZC3H11A
AR,PIEZO1
AR,TTC19
AR,SLC4A8
AR,FCGR2A
AR,PLS1
AR,STAT5A
AR,CDC37L1
AR,C9orf40
AR,PRKAB2
AR,ZNF646
AR,PEAK1
AR,IARS2
AR,SMPDL3A
AR,TBXAS1
AR,PIGO
AR,HABP4
AR,VPS33A
AR,DVL2
AR,LUC7L2
AR,KCNN2
AR,SCFD1
AR,CENPN
AR,DMXL2
AR,TRDMT1
AR,TPT1
AR,ALDH9A1
AR,PMVK
AR,RPL15
AR,PCDH1
AR,ANKLE2
AR,GTF2H1
AR,ZC3H3
AR,EIF4A2
AR,RPS3A
AR,APTX
AR,UROS
AR,FLCN
AR,ASRGL1
AR,HEY2
AR,SUCLA2
AR,NDUFAF4
AR,ZBTB39
AR,PMPCB
AR,VPS45
AR,NUDT18
AR,TOR1AIP1
AR,CNPY4
AR,PARP16
AR,CMKLR1
AR,AP2M1
AR,ENTPD7
AR,CCDC71
AR,ANKMY2
AR,LAMTOR2
AR,CHD1L
AR,CALB1
AR,MTMR2
AR,CTNNA1
AR,CSRNP2
AR,XYLB
AR,KAT8
AR,KBTBD4
AR,BMP1
AR,PRRX1
AR,REST
AR,FAM216A
AR,COX4I1
AR,CEP57
AR,SYT17
AR,PFKP
AR,DENND4B
AR,PLCB3
AR,AIM2
AR,MTUS2
AR,SLC16A1
AR,TBC1D19
AR,RFXAP
AR,KANSL2
AR,RFC4
AR,GLB1
AR,POLR3D
AR,PSMA2
AR,CDC16
AR,IFNGR2
AR,TRAF4
AR,TUBGCP5
AR,TTF2
AR,PTDSS1
AR,R3HCC1
AR,MDFI
AR,NUDT1
AR,CKS1B
AR,MEOX1
AR,ADPRM
AR,OXR1
AR,SUPT3H
AR,IFI16
AR,PSMD10
AR,CASZ1
AR,SLC24A1
AR,GLOD4
AR,EXOC5
AR,SLC9A6
AR,ZKSCAN8
AR,DST
AR,TSG101
AR,HEXA
AR,EMC1
AR,VAMP7
AR,USPL1
AR,PTPRG
AR,DDX46
AR,HOXA2
AR,SST
AR,C8orf44
AR,DCP2
AR,MYL6
AR,PAPOLA
AR,YTHDF3
AR,ARHGEF3
AR,TAF9
AR,ME3
AR,MTMR6
AR,GTF2H3
AR,RPS20
AR,EMC6
AR,ITGB3BP
AR,TGFBI
AR,FBXO9
AR,UNC5C
AR,CCDC15
AR,C1QBP
AR,HNRNPA1
AR,ARNTL
AR,SNX7
AR,YIF1A
AR,ZFPL1
AR,CTDSPL
AR,KCTD13
AR,GNAI2
AR,HMGB2
AR,RABGGTB
AR,KLHL22
AR,B9D1
AR,RPS14
AR,DBR1
AR,RAB38
AR,PPID
AR,ENO1
AR,DNM1L
AR,UIMC1
AR,SVIL
AR,PJA2
AR,DMXL1
AR,COX10
AR,HOXA7
AR,PIGZ
AR,CDK5
AR,SYP
AR,DET1
AR,NSL1
AR,ARMC8
AR,SLC25A36
AR,KDM1A
AR,CPSF7
AR,GLI1
AR,RPH3A
AR,C3orf18
AR,MCCC2
AR,N4BP2L2
AR,CDC45
AR,MANSC1
AR,DHODH
AR,SPCS1
AR,TRAPPC11
AR,PKP3
AR,PAK1
AR,SYTL2
AR,IFT88
AR,PTP4A2
AR,MAPK8IP1
AR,GNB1L
AR,ERAL1
AR,TGS1
AR,CCNI
AR,PPA1
AR,MAP2K1
AR,NSMAF
AR,VOPP1
AR,MCM10
AR,PPP2R5A
AR,PAXBP1
AR,SPRYD7
AR,STK38L
AR,HMG20A
AR,WDR47
AR,CDCA4
AR,TRAPPC2L
AR,BTF3
AR,TGM1
AR,METAP2
AR,DOCK5
AR,CRADD
AR,PIGP
AR,TUG1
AR,RPL13
AR,TEAD1
AR,AVL9
AR,DNAJA1
AR,ZSCAN32
AR,ESRP2
AR,MAN1A2
AR,GPR6
AR,TMEM242
AR,GOT1
AR,SMC4
AR,HPS5
AR,NFX1
AR,NARS2
AR,PPME1
AR,SLC17A6
AR,MTERF3
AR,HLX
AR,PITPNM1
AR,NFIL3
AR,PENK
AR,PRCC
AR,PIAS3
AR,EZH2
AR,HES1
AR,MCMBP
AR,OTUD4
AR,C1QTNF3
AR,MCM3AP
AR,DHRS12
AR,PRR7
AR,PTPN6
AR,ARL4D
AR,PAXIP1
AR,ACD
AR,UHRF1BP1L
AR,TIMELESS
AR,RNPEP
AR,RPP38
AR,RGL1
AR,PEX10
AR,ATG12
AR,GALNT10
AR,DCAF4
AR,ITGA5
AR,SORBS1
AR,ADARB1
AR,TMA7
AR,LAMA4
AR,GLDC
AR,CNOT1
AR,GORASP1
AR,METAP1
AR,PPFIBP2
AR,NR2F1
AR,TRRAP
AR,MLLT10
AR,DAP
AR,P2RX4
AR,ARSB
AR,TMOD3
AR,TMEM80
AR,TRPS1
AR,SEMA4A
AR,BCAP29
AR,SSBP3
AR,HOXA1
AR,HNRNPK
AR,TSPYL1
AR,CYC1
AR,KIF1B
AR,UBQLN4
AR,GLI3
AR,PDE2A
AR,ABCB9
AR,NBR1
AR,BHLHE40
AR,SLURP1
AR,SV2A
AR,PARP6
AR,YAF2
AR,CAMK2N1
AR,ASH1L
AR,LPCAT4
AR,CDKN2C
AR,SLC25A28
AR,RHBDF1
AR,S100A10
AR,RANBP9
AR,SSH1
AR,ITGA7
AR,LGI1
AR,FSCN1
AR,PSMB1
AR,PTPRU
AR,S100A3
AR,SHC3
AR,KCNH4
AR,NAB2
AR,GCHFR
AR,C14orf93
AR,SULT4A1
AR,RERE
AR,DGAT1
AR,RPS6KA4
AR,GAS1
AR,FBRS
AR,ELMO3
AR,LGALS3
AR,PRKAG2
AR,ORAI3
AR,COL16A1
AR,WSB2
AR,DIO1
AR,PGBD5
AR,DBNDD1
AR,COASY
AR,ETV6
AR,GNG3
AR,ABHD14A
AR,MUC1
AR,ENO2
AR,IFI35
AR,FHL3
AR,MICALL1
AR,NPTX2
AR,FOXM1
AR,PTPN14
AR,RAB25
AR,ZNF207
AR,LHFPL2
AR,DEXI
AR,SYNJ2
AR,POLR2G
AR,SLC22A6
AR,CEP85
AR,UBE2Q1
AR,C2CD2L
AR,AP2B1
AR,GIT2
AR,F5
AR,EREG
AR,RNF167
AR,PARN
AR,TBC1D10B
AR,MC1R
AR,ARHGAP17
AR,HTRA1
AR,CYP11B2
AR,GRIK2
AR,C1orf54
AR,RAI14
AR,TAF12
AR,ASMT
AR,S100A14
AR,RPL4
AR,CDCP1
AR,CCDC51
AR,ABLIM3
AR,PARD6A
AR,F2R
AR,APIP
AR,TJP2
AR,CPNE7
AR,ALOX5AP
AR,WDR82
AR,ARRB2
AR,PFDN1
